type,id,name,email,user_id,experience_years,description,created_at,test_plan_id,test_case_id,step_number,expected_result,tester_id,status,executed_at,notes
user,1,Elizabeth Tran,igonzales@example.org,,,,,,,,,,,,
user,2,Rachael Newman,stephanie91@example.net,,,,,,,,,,,,
user,3,Patricia Baldwin,egonzales@example.net,,,,,,,,,,,,
user,4,Douglas Brown,paynechristopher@example.com,,,,,,,,,,,,
user,5,Donna Green,wagnerpatricia@example.net,,,,,,,,,,,,
user,6,Rodney Little,aaronanderson@example.net,,,,,,,,,,,,
user,7,Jon Moore,icastillo@example.com,,,,,,,,,,,,
user,8,Jessica Smith,padkins@example.com,,,,,,,,,,,,
user,9,Isaac Hernandez,lbuchanan@example.org,,,,,,,,,,,,
user,10,Heather Smith,dunnjason@example.org,,,,,,,,,,,,
user,11,Lauren Hansen,hubbardanne@example.net,,,,,,,,,,,,
user,12,Christopher Dixon,rebeccamclean@example.org,,,,,,,,,,,,
user,13,Diana Kim,valentinemargaret@example.net,,,,,,,,,,,,
user,14,Christopher Lindsey,susanvilla@example.com,,,,,,,,,,,,
user,15,Gwendolyn Lewis,olsenadam@example.net,,,,,,,,,,,,
user,16,Brent Bailey,icrawford@example.net,,,,,,,,,,,,
user,17,Mark Knox,vsimon@example.com,,,,,,,,,,,,
user,18,Abigail Ruiz,antonio77@example.net,,,,,,,,,,,,
user,19,Jacqueline White,brianmartinez@example.net,,,,,,,,,,,,
user,20,Christine Arnold,spage@example.com,,,,,,,,,,,,
user,21,Frank Forbes,georgebest@example.net,,,,,,,,,,,,
user,22,James Roberts,cperez@example.org,,,,,,,,,,,,
user,23,Daniel Thomas,patrick62@example.net,,,,,,,,,,,,
user,24,David Lopez,lloyddavid@example.org,,,,,,,,,,,,
user,25,Ryan Mann,edwardmcdonald@example.org,,,,,,,,,,,,
user,26,Samuel Williams,oreynolds@example.net,,,,,,,,,,,,
user,27,Mary Nelson,gclark@example.net,,,,,,,,,,,,
user,28,Stacy Marshall,kenneth63@example.com,,,,,,,,,,,,
user,29,Michelle Morgan,ndavis@example.org,,,,,,,,,,,,
user,30,Miguel Gibson,harriskayla@example.net,,,,,,,,,,,,
user,31,Eric Mendoza,adrienne91@example.com,,,,,,,,,,,,
user,32,David Myers,kathymoore@example.net,,,,,,,,,,,,
user,33,Cynthia Cain,bbell@example.com,,,,,,,,,,,,
user,34,David Herman,ronaldreid@example.com,,,,,,,,,,,,
user,35,Marc Leach,ballen@example.net,,,,,,,,,,,,
user,36,Kerri Myers,daniel53@example.org,,,,,,,,,,,,
user,37,Jessica Carter,jeremydorsey@example.com,,,,,,,,,,,,
user,38,Vickie Morgan,pdavis@example.org,,,,,,,,,,,,
user,39,Diane Howard,smithjessica@example.org,,,,,,,,,,,,
user,40,Garrett Thomas,cmoreno@example.com,,,,,,,,,,,,
user,41,Nancy Richards,gregory02@example.net,,,,,,,,,,,,
user,42,Destiny Black,farrellamber@example.org,,,,,,,,,,,,
user,43,Kenneth Phillips,lori61@example.org,,,,,,,,,,,,
user,44,Jeffery Fitzpatrick,kwall@example.org,,,,,,,,,,,,
user,45,Michele Flores,randallstefanie@example.com,,,,,,,,,,,,
user,46,Anthony Parsons,jacksondenise@example.com,,,,,,,,,,,,
user,47,Jennifer Tran,tricia85@example.net,,,,,,,,,,,,
user,48,Kevin Small,gregorymoss@example.net,,,,,,,,,,,,
user,49,Kimberly Lewis,nmiller@example.net,,,,,,,,,,,,
user,50,Brittany Morse,kimberlywest@example.net,,,,,,,,,,,,
user,51,Brandi Booth,weaverjason@example.org,,,,,,,,,,,,
user,52,Andre Brown,kimberly10@example.com,,,,,,,,,,,,
user,53,Grace Wallace,diana70@example.org,,,,,,,,,,,,
user,54,Abigail Johnson,kristen72@example.org,,,,,,,,,,,,
user,55,William Castaneda,michael78@example.net,,,,,,,,,,,,
user,56,Sarah Miller,jennifersmith@example.com,,,,,,,,,,,,
user,57,Sean Contreras,christinewilson@example.org,,,,,,,,,,,,
user,58,Rachel Taylor,masonjoanna@example.org,,,,,,,,,,,,
user,59,Natalie Walker,mikayla02@example.net,,,,,,,,,,,,
user,60,Paula Rodgers,brandonsimpson@example.net,,,,,,,,,,,,
user,61,Philip Mitchell,stevenburns@example.com,,,,,,,,,,,,
user,62,Carrie Dickson,myersadriana@example.com,,,,,,,,,,,,
user,63,James Gonzalez,ann41@example.net,,,,,,,,,,,,
user,64,Ashley Smith,deborah67@example.net,,,,,,,,,,,,
user,65,Mrs. Kristine West,oross@example.net,,,,,,,,,,,,
user,66,Andrew Rogers,nathan50@example.com,,,,,,,,,,,,
user,67,Adam Griffin,mmiller@example.com,,,,,,,,,,,,
user,68,Victoria Navarro,kwhite@example.net,,,,,,,,,,,,
user,69,Stephanie Pena,patricia51@example.net,,,,,,,,,,,,
user,70,John Jenkins,chelsea13@example.net,,,,,,,,,,,,
user,71,Marcus Johnson,philip43@example.net,,,,,,,,,,,,
user,72,Diana Hawkins,cantrellsarah@example.org,,,,,,,,,,,,
user,73,Tammie Tucker,dharmon@example.net,,,,,,,,,,,,
user,74,Cody Bryant,jonesjenny@example.net,,,,,,,,,,,,
user,75,Tanya Ramirez,uking@example.net,,,,,,,,,,,,
user,76,Timothy Coffey,matadonna@example.org,,,,,,,,,,,,
user,77,Mark Camacho,rlang@example.com,,,,,,,,,,,,
user,78,Teresa Holt,kingbecky@example.org,,,,,,,,,,,,
user,79,Carol Shannon,williebutler@example.org,,,,,,,,,,,,
user,80,Christine Cantrell MD,jonmurphy@example.com,,,,,,,,,,,,
user,81,Melissa Morris,spencerallison@example.com,,,,,,,,,,,,
user,82,Jennifer Barnes,gonzalezjesse@example.com,,,,,,,,,,,,
user,83,Wayne Morton,dacosta@example.com,,,,,,,,,,,,
user,84,Anthony Knapp,charles48@example.org,,,,,,,,,,,,
user,85,John Brooks,morrissamuel@example.org,,,,,,,,,,,,
user,86,Jackie Jones,huntertiffany@example.com,,,,,,,,,,,,
user,87,Patrick Lopez Jr.,romanmichelle@example.com,,,,,,,,,,,,
user,88,James Reyes,caldwelldustin@example.com,,,,,,,,,,,,
user,89,Rebecca Peterson,sarahamilton@example.org,,,,,,,,,,,,
user,90,Elizabeth Hernandez,donnamays@example.org,,,,,,,,,,,,
user,91,Mr. Christopher Hernandez,dakotagutierrez@example.org,,,,,,,,,,,,
user,92,Michelle Smith,taylorhernandez@example.net,,,,,,,,,,,,
user,93,Judith Patterson DDS,lramirez@example.net,,,,,,,,,,,,
user,94,Crystal Martin,cassandra94@example.com,,,,,,,,,,,,
user,95,James Taylor,kaylawilliamson@example.com,,,,,,,,,,,,
user,96,Kelly Shepherd,mooneytheresa@example.com,,,,,,,,,,,,
user,97,Andres Williamson,pjenkins@example.com,,,,,,,,,,,,
user,98,Karen Washington MD,jjohnson@example.org,,,,,,,,,,,,
user,99,Tanner Chavez,gmatthews@example.com,,,,,,,,,,,,
user,100,Bryan Taylor,toddpacheco@example.org,,,,,,,,,,,,
user,101,Edward Davis,rangelrobert@example.net,,,,,,,,,,,,
user,102,Andrew Smith,ruizdavid@example.net,,,,,,,,,,,,
user,103,Catherine Wade,chaynes@example.org,,,,,,,,,,,,
user,104,Laurie Davis,robertmccoy@example.com,,,,,,,,,,,,
user,105,Heather Paul,james53@example.com,,,,,,,,,,,,
user,106,Sarah Foley,vmorris@example.com,,,,,,,,,,,,
user,107,Ashley Cole,christie02@example.com,,,,,,,,,,,,
user,108,Meghan Evans,xjohnson@example.net,,,,,,,,,,,,
user,109,Alan Stein,ayersmonica@example.org,,,,,,,,,,,,
user,110,Ryan Ruiz,qcalhoun@example.org,,,,,,,,,,,,
user,111,Brenda Leonard,carlanelson@example.net,,,,,,,,,,,,
user,112,William Fernandez,ogill@example.org,,,,,,,,,,,,
user,113,Kenneth Singh,kaylee95@example.net,,,,,,,,,,,,
user,114,Tammy Olsen,herrerachristopher@example.org,,,,,,,,,,,,
user,115,Dominique Buchanan,racevedo@example.org,,,,,,,,,,,,
user,116,Norma Harvey,mark60@example.net,,,,,,,,,,,,
user,117,Cheryl Williams,laura17@example.com,,,,,,,,,,,,
user,118,Seth Smith,marcusnelson@example.net,,,,,,,,,,,,
user,119,Christine Welch,ycarter@example.net,,,,,,,,,,,,
user,120,Steven Brown,michael33@example.org,,,,,,,,,,,,
user,121,Matthew Lawrence,erinthompson@example.org,,,,,,,,,,,,
user,122,Richard Padilla,jmendoza@example.com,,,,,,,,,,,,
user,123,Lisa Christian,tclark@example.com,,,,,,,,,,,,
user,124,Christina Duncan,zvazquez@example.org,,,,,,,,,,,,
user,125,Anita Mercer,hlewis@example.com,,,,,,,,,,,,
user,126,Rebekah Nelson,sean17@example.com,,,,,,,,,,,,
user,127,Monique Cox,jarmstrong@example.org,,,,,,,,,,,,
user,128,Jeffrey Bennett,vlawson@example.com,,,,,,,,,,,,
user,129,Christopher Rosales,shannonshaw@example.com,,,,,,,,,,,,
user,130,Roger Carlson,lfields@example.org,,,,,,,,,,,,
user,131,Keith Kelly,nguyenanthony@example.net,,,,,,,,,,,,
user,132,Juan Anderson,dyereric@example.net,,,,,,,,,,,,
user,133,Alexis Doyle,natasha96@example.com,,,,,,,,,,,,
user,134,Julie Blake,johnjensen@example.net,,,,,,,,,,,,
user,135,William Lopez,jose68@example.com,,,,,,,,,,,,
user,136,Tiffany Wilson,jackiesparks@example.net,,,,,,,,,,,,
user,137,Melissa Warren,brianna43@example.net,,,,,,,,,,,,
user,138,Daniel Ayers,hlewis@example.org,,,,,,,,,,,,
user,139,Jennifer Gallegos,bradleycross@example.net,,,,,,,,,,,,
user,140,Kristin Boyd,amandagarcia@example.com,,,,,,,,,,,,
user,141,Heather Lloyd,devin66@example.com,,,,,,,,,,,,
user,142,Kimberly Cain,pbranch@example.net,,,,,,,,,,,,
user,143,Lisa Miller,fkeith@example.org,,,,,,,,,,,,
user,144,Christopher Jones,fbrock@example.net,,,,,,,,,,,,
user,145,Randall Lyons,lawrencetracy@example.net,,,,,,,,,,,,
user,146,Robert Carter,acook@example.org,,,,,,,,,,,,
user,147,Travis Jimenez,heather62@example.net,,,,,,,,,,,,
user,148,Charles Wagner,jenniferfreeman@example.net,,,,,,,,,,,,
user,149,Casey Brown,michellecraig@example.com,,,,,,,,,,,,
user,150,Jacob Roberts,evaughn@example.com,,,,,,,,,,,,
user,151,Wendy Johnson,williamstina@example.org,,,,,,,,,,,,
user,152,Rachel Miles,jason84@example.org,,,,,,,,,,,,
user,153,James Jacobs,jasminecline@example.net,,,,,,,,,,,,
user,154,Shaun Carter,james47@example.net,,,,,,,,,,,,
user,155,Sarah Harper,nskinner@example.net,,,,,,,,,,,,
user,156,Terrence Page,fishernathaniel@example.com,,,,,,,,,,,,
user,157,Darin Moore,andrearoth@example.org,,,,,,,,,,,,
user,158,Elizabeth Holmes,kathleen11@example.org,,,,,,,,,,,,
user,159,Christopher Crawford,powersnathaniel@example.org,,,,,,,,,,,,
user,160,Michael Reyes,ogibson@example.org,,,,,,,,,,,,
user,161,Casey Barron,xglass@example.com,,,,,,,,,,,,
user,162,Sara Robbins,cassandra84@example.org,,,,,,,,,,,,
user,163,Lindsey Powers,markchristensen@example.com,,,,,,,,,,,,
user,164,Kristine Fisher,dennis72@example.org,,,,,,,,,,,,
user,165,Richard Baker,nharrell@example.com,,,,,,,,,,,,
user,166,Robert Moore,michealwilliams@example.net,,,,,,,,,,,,
user,167,Rebecca Gray,richardwalton@example.com,,,,,,,,,,,,
user,168,Jennifer Maynard,ashleyarroyo@example.com,,,,,,,,,,,,
user,169,Kathryn Dixon,martinjennifer@example.net,,,,,,,,,,,,
user,170,Danny Kent,waynerichardson@example.org,,,,,,,,,,,,
user,171,Jared Smith,valerieramirez@example.net,,,,,,,,,,,,
user,172,Kyle Lee,halldaniel@example.com,,,,,,,,,,,,
user,173,Robert Lee,stacy46@example.org,,,,,,,,,,,,
user,174,Javier Brown,dylanklein@example.net,,,,,,,,,,,,
user,175,Justin Johnson,jennifer59@example.com,,,,,,,,,,,,
user,176,Laura Russo,edward03@example.net,,,,,,,,,,,,
user,177,Gina Hanson,mathew29@example.com,,,,,,,,,,,,
user,178,James Gill,tiffanycollins@example.net,,,,,,,,,,,,
user,179,Eugene King,xellis@example.org,,,,,,,,,,,,
user,180,Charles Palmer Jr.,brianhernandez@example.org,,,,,,,,,,,,
user,181,Deborah Dennis,weisscristian@example.org,,,,,,,,,,,,
user,182,Dean Pierce,kathyrusso@example.net,,,,,,,,,,,,
user,183,Tara Nguyen,stephen72@example.org,,,,,,,,,,,,
user,184,Brandon Baker,lewiskaren@example.com,,,,,,,,,,,,
user,185,Peter Reyes,christopherpark@example.net,,,,,,,,,,,,
user,186,Kenneth Soto,denisejohnson@example.com,,,,,,,,,,,,
user,187,Martin Floyd,crystallarson@example.com,,,,,,,,,,,,
user,188,John Rasmussen,qrichardson@example.com,,,,,,,,,,,,
user,189,Jo Gallegos,ualexander@example.com,,,,,,,,,,,,
user,190,Cindy Cross,hboyd@example.com,,,,,,,,,,,,
user,191,Tommy Morris,ijohnson@example.com,,,,,,,,,,,,
user,192,Kelly Carr,daniel67@example.net,,,,,,,,,,,,
user,193,Curtis Allen,morganrichard@example.com,,,,,,,,,,,,
user,194,Kelsey Mcpherson,paul92@example.org,,,,,,,,,,,,
user,195,Andre Hall,wheelercharles@example.org,,,,,,,,,,,,
user,196,Tina Miller,bsmith@example.org,,,,,,,,,,,,
user,197,Jessica Nguyen MD,anovak@example.com,,,,,,,,,,,,
user,198,Dawn Little,jamesweaver@example.net,,,,,,,,,,,,
user,199,Rebecca Allen,garciaderrick@example.org,,,,,,,,,,,,
user,200,Alexander Brown,veronicaberry@example.net,,,,,,,,,,,,
tester,1,,,1,14,,,,,,,,,,
tester,2,,,2,20,,,,,,,,,,
tester,3,,,3,18,,,,,,,,,,
tester,4,,,4,8,,,,,,,,,,
tester,5,,,5,6,,,,,,,,,,
tester,6,,,6,12,,,,,,,,,,
tester,7,,,7,2,,,,,,,,,,
tester,8,,,8,5,,,,,,,,,,
tester,9,,,9,2,,,,,,,,,,
tester,10,,,10,17,,,,,,,,,,
tester,11,,,11,12,,,,,,,,,,
tester,12,,,12,13,,,,,,,,,,
tester,13,,,13,0,,,,,,,,,,
tester,14,,,14,11,,,,,,,,,,
tester,15,,,15,6,,,,,,,,,,
tester,16,,,16,4,,,,,,,,,,
tester,17,,,17,9,,,,,,,,,,
tester,18,,,18,4,,,,,,,,,,
tester,19,,,19,20,,,,,,,,,,
tester,20,,,20,14,,,,,,,,,,
tester,21,,,21,0,,,,,,,,,,
tester,22,,,22,1,,,,,,,,,,
tester,23,,,23,16,,,,,,,,,,
tester,24,,,24,20,,,,,,,,,,
tester,25,,,25,16,,,,,,,,,,
tester,26,,,26,5,,,,,,,,,,
tester,27,,,27,14,,,,,,,,,,
tester,28,,,28,17,,,,,,,,,,
tester,29,,,29,3,,,,,,,,,,
tester,30,,,30,0,,,,,,,,,,
tester,31,,,31,17,,,,,,,,,,
tester,32,,,32,16,,,,,,,,,,
tester,33,,,33,10,,,,,,,,,,
tester,34,,,34,3,,,,,,,,,,
tester,35,,,35,8,,,,,,,,,,
tester,36,,,36,15,,,,,,,,,,
tester,37,,,37,4,,,,,,,,,,
tester,38,,,38,18,,,,,,,,,,
tester,39,,,39,4,,,,,,,,,,
tester,40,,,40,5,,,,,,,,,,
tester,41,,,41,11,,,,,,,,,,
tester,42,,,42,13,,,,,,,,,,
tester,43,,,43,17,,,,,,,,,,
tester,44,,,44,10,,,,,,,,,,
tester,45,,,45,20,,,,,,,,,,
tester,46,,,46,7,,,,,,,,,,
tester,47,,,47,14,,,,,,,,,,
tester,48,,,48,2,,,,,,,,,,
tester,49,,,49,14,,,,,,,,,,
tester,50,,,50,4,,,,,,,,,,
tester,51,,,51,3,,,,,,,,,,
tester,52,,,52,19,,,,,,,,,,
tester,53,,,53,0,,,,,,,,,,
tester,54,,,54,8,,,,,,,,,,
tester,55,,,55,8,,,,,,,,,,
tester,56,,,56,14,,,,,,,,,,
tester,57,,,57,15,,,,,,,,,,
tester,58,,,58,5,,,,,,,,,,
tester,59,,,59,8,,,,,,,,,,
tester,60,,,60,2,,,,,,,,,,
tester,61,,,61,7,,,,,,,,,,
tester,62,,,62,20,,,,,,,,,,
tester,63,,,63,11,,,,,,,,,,
tester,64,,,64,4,,,,,,,,,,
tester,65,,,65,10,,,,,,,,,,
tester,66,,,66,11,,,,,,,,,,
tester,67,,,67,10,,,,,,,,,,
tester,68,,,68,20,,,,,,,,,,
tester,69,,,69,15,,,,,,,,,,
tester,70,,,70,8,,,,,,,,,,
tester,71,,,71,4,,,,,,,,,,
tester,72,,,72,12,,,,,,,,,,
tester,73,,,73,9,,,,,,,,,,
tester,74,,,74,2,,,,,,,,,,
tester,75,,,75,5,,,,,,,,,,
tester,76,,,76,1,,,,,,,,,,
tester,77,,,77,20,,,,,,,,,,
tester,78,,,78,4,,,,,,,,,,
tester,79,,,79,4,,,,,,,,,,
tester,80,,,80,18,,,,,,,,,,
tester,81,,,81,7,,,,,,,,,,
tester,82,,,82,4,,,,,,,,,,
tester,83,,,83,7,,,,,,,,,,
tester,84,,,84,6,,,,,,,,,,
tester,85,,,85,10,,,,,,,,,,
tester,86,,,86,12,,,,,,,,,,
tester,87,,,87,8,,,,,,,,,,
tester,88,,,88,4,,,,,,,,,,
tester,89,,,89,8,,,,,,,,,,
tester,90,,,90,16,,,,,,,,,,
tester,91,,,91,9,,,,,,,,,,
tester,92,,,92,7,,,,,,,,,,
tester,93,,,93,9,,,,,,,,,,
tester,94,,,94,20,,,,,,,,,,
tester,95,,,95,8,,,,,,,,,,
tester,96,,,96,5,,,,,,,,,,
tester,97,,,97,18,,,,,,,,,,
tester,98,,,98,13,,,,,,,,,,
tester,99,,,99,0,,,,,,,,,,
tester,100,,,100,12,,,,,,,,,,
test_plan,1,Self-enabling interactive solution,,,,Nothing a easy property along yes. Girl quality establish himself plan whatever from.,2026-03-01T01:59:32,,,,,,,,
test_plan,2,Down-sized stable access,,,,"Require for sea space sister hold. When she report us nice.
Son brother court side ok Congress. Onto agent stop enjoy beautiful. Ahead owner be.
Particularly number song door good step suggest.",2026-03-14T08:21:03,,,,,,,,
test_plan,3,User-friendly uniform forecast,,,,"Focus shake wind young four pressure. Catch born financial thing painting. Player sea Mr box once.
Year finish painting man. Shake such light American huge worker.",2026-03-19T09:16:09,,,,,,,,
test_plan,4,Virtual modular strategy,,,,"Mission goal listen. Skill especially adult find together appear.
Analysis for discover. Even six money.
Current buy politics often under leave.",2026-02-10T17:15:26,,,,,,,,
test_plan,5,Adaptive discrete focus group,,,,Trip look month radio cultural price. Brother current least game sign prepare set. Fast walk inside activity measure.,2026-01-21T15:23:23,,,,,,,,
test_plan,6,Synergized tangible process improvement,,,,"And because five doctor. Test night raise industry front rule east.
Shake that red never put fish sense. Yourself defense give people common speak body.",2026-02-20T11:41:59,,,,,,,,
test_plan,7,Cross-platform tangible time-frame,,,,"Either institution approach your provide. Bed theory floor church actually foot say thing. Age where clear property take brother.
Health his pay structure approach. Poor bed cut nearly space.",2026-02-23T08:33:33,,,,,,,,
test_plan,8,Universal multi-state standardization,,,,"Change protect sell price.
Such me civil doctor my management eat. General per if attention forward such these. Difficult morning learn.",2026-01-05T03:42:33,,,,,,,,
test_plan,9,Switchable disintermediate framework,,,,"Value then more crime. Western method defense area card pressure.
Ball foot baby leg on cup. Mother first car my class. Story accept idea garden behavior season.",2026-01-01T14:59:20,,,,,,,,
test_plan,10,Automated background capability,,,,Health seven why color fire between about. Very serious model others financial bank.,2026-01-31T08:09:12,,,,,,,,
test_plan,11,Decentralized human-resource artificial intelligence,,,,"These provide memory discover whether attack those risk. Exist than many firm pull summer whether.
Morning course during we north. Interesting community something key method.",2026-01-23T02:20:56,,,,,,,,
test_plan,12,Cross-group 3rdgeneration application,,,,Produce design recognize thought particularly doctor. Reality increase free. Perform environmental safe beyond want.,2026-02-10T03:11:20,,,,,,,,
test_plan,13,Organized dedicated access,,,,"Account the instead try ok to direction. Fund smile within today. They success natural first fear political service.
Figure per old responsibility we.",2026-03-10T22:37:09,,,,,,,,
test_plan,14,Phased exuding encryption,,,,"Learn reason true learn evidence. Specific company help town mean money exactly. Serve agreement sell rich. Fill soon rest reality range executive lay.
Member cause scientist since reach hard worry.",2026-01-15T05:51:36,,,,,,,,
test_plan,15,Cloned analyzing core,,,,"She finish control sister beautiful and affect.
Best he idea establish. Clearly college mind data event cut. Raise pretty science expert rest positive.",2026-03-24T00:44:18,,,,,,,,
test_plan,16,Persistent scalable knowledgebase,,,,"Above front always. It game dog person public affect.
Season even sure eat. Account service her step full never several.",2026-03-04T09:46:06,,,,,,,,
test_plan,17,Programmable systemic toolset,,,,"Role bit organization. Life whole stay nice agent. Player describe about time wall environmental.
Agree care pull network.",2026-01-10T11:08:41,,,,,,,,
test_plan,18,Organized client-server alliance,,,,"Western before nor leg suggest. Present administration data in seat. General open scene a.
Keep field produce. Suddenly experience team cause pull city. Whose teacher call ground western but sure.",2026-01-26T03:26:28,,,,,,,,
test_plan,19,Integrated stable support,,,,Catch simply condition pay positive big. Believe determine financial take machine place prove.,2026-01-06T00:08:50,,,,,,,,
test_plan,20,Distributed heuristic paradigm,,,,"Opportunity human set stop half week choice. Floor song society whom.
No price figure doctor. Director kind answer region.
But until win really. Eye see little what understand lead pay sea.",2026-03-30T18:10:41,,,,,,,,
test_plan,21,Profit-focused solution-oriented benchmark,,,,"Eight have believe. Rule method far toward. Thing population kid bit can.
Represent nature service camera claim let Republican. Head environmental pick rest.",2026-02-18T04:28:18,,,,,,,,
test_plan,22,Seamless zero tolerance task-force,,,,"Strong will leader yourself which member. Lay continue Democrat chair receive.
Thus summer course. Myself these before change so look recently. Condition store boy drop let.",2026-03-10T20:30:32,,,,,,,,
test_plan,23,Virtual bi-directional concept,,,,Section budget attention cover else every. Similar benefit wife wife stand apply throughout. Common get listen couple everything tonight response.,2026-03-15T05:59:13,,,,,,,,
test_plan,24,Total maximized superstructure,,,,"Interest heavy land act. Brother first protect cost section.
Heart task collection. Difference all glass own throw.",2026-02-17T23:21:21,,,,,,,,
test_plan,25,Universal value-added architecture,,,,Some government front establish agency television his. South color ball line edge sort. Nature relationship start keep. Seek little onto car avoid group dark herself.,2026-02-05T05:17:34,,,,,,,,
test_plan,26,Organic scalable hierarchy,,,,"Foot machine open. Human person which window her data worker physical.
What stock baby help blood offer. Later while key outside security month.",2026-03-02T16:39:55,,,,,,,,
test_plan,27,Inverse 3rdgeneration encryption,,,,"Manager more use scientist hard there exist. Suddenly be without official.
Total matter this common three on. Finish market nor try.",2026-03-04T15:28:56,,,,,,,,
test_plan,28,De-engineered heuristic hardware,,,,"Drug phone year various. Exactly church win particularly allow. Garden box assume.
Hair artist wear various story book. Thought public all together.",2026-03-19T14:35:59,,,,,,,,
test_plan,29,Extended analyzing capacity,,,,"Do family agreement space street ago. Man risk hour tough true clearly.
Base consider study six man matter feeling. Total who know new. Star machine from team.",2026-02-10T06:53:37,,,,,,,,
test_plan,30,User-friendly multimedia service-desk,,,,"Talk decade design land book can. Art crime fire page role upon. Moment relate never war include despite though.
Author attorney particularly. Art let edge strategy.",2026-03-29T00:56:22,,,,,,,,
test_plan,31,Enterprise-wide actuating time-frame,,,,Agency finish really pay executive whole authority large. Suggest pick involve edge fast can focus. We speech finally change us bill guess. Financial know history however name impact could.,2026-02-13T06:59:07,,,,,,,,
test_plan,32,Self-enabling global algorithm,,,,"Child main each perhaps easy present think. Very factor push child reduce without beyond.
Age man everyone.
Maintain newspaper interesting. Mouth language return voice number keep cup.",2026-03-10T04:28:18,,,,,,,,
test_plan,33,Enterprise-wide 6thgeneration hierarchy,,,,Successful author ready process person though. Set conference onto research those trouble never against.,2026-03-06T13:57:10,,,,,,,,
test_plan,34,Exclusive web-enabled standardization,,,,"Particularly run natural indicate. Attack note black grow.
Brother need research full very sport. Way throw see wall environment. Go necessary civil establish scene sometimes.",2026-01-21T19:55:54,,,,,,,,
test_plan,35,Reduced disintermediate firmware,,,,"Stay spring memory business among understand. Line spend arrive huge.
Film space tell produce traditional away early. Ask five seek upon must break. Knowledge he think reveal everyone.",2026-03-04T18:02:12,,,,,,,,
test_plan,36,Synergistic client-driven website,,,,"Need away travel change girl investment. Sure become trade.
Control break through fear represent boy behind break. Shake agree summer common know major. Free central exist special.",2026-03-27T22:40:05,,,,,,,,
test_plan,37,Advanced demand-driven complexity,,,,"Hear moment use Mrs dog.
Add arm suddenly program law receive build. Article despite piece hold research rule that.
Discover arm second sound early fill. Lawyer design himself take purpose.",2026-03-03T04:49:44,,,,,,,,
test_plan,38,Seamless dynamic ability,,,,Personal report activity lead. Available family collection size. Discussion claim author in role opportunity determine.,2026-03-15T12:07:42,,,,,,,,
test_plan,39,Switchable human-resource instruction set,,,,"He staff yourself body approach run.
Ever keep six drop inside deep price. Administration green dog view particular exist evening. Whom ask manage go party rise across.",2026-03-17T22:45:44,,,,,,,,
test_plan,40,Robust stable time-frame,,,,Fire store station onto guy maybe system who. Institution television ok none two when.,2026-01-20T03:20:32,,,,,,,,
test_plan,41,Adaptive empowering forecast,,,,Begin star heart pay drive word those. Their live artist.,2026-02-19T03:43:10,,,,,,,,
test_plan,42,Fundamental mission-critical definition,,,,Service between tonight sister. Prove arrive hit month know I.,2026-03-02T14:55:48,,,,,,,,
test_plan,43,Function-based dynamic service-desk,,,,"Season answer type building. Memory social agent it public decide.
Question summer be. Sit thought table bit relationship when. Present forward tough government.",2026-02-05T10:26:13,,,,,,,,
test_plan,44,Cloned uniform attitude,,,,"Machine process here control. Long sign would lead. Throw green fast investment recent.
Food rather break live action seat scientist. Power prevent camera can simply newspaper.",2026-02-10T02:22:53,,,,,,,,
test_plan,45,Realigned encompassing methodology,,,,Service find above available free fund commercial positive. Become generation about. Well else game themselves.,2026-02-18T18:39:54,,,,,,,,
test_plan,46,Switchable multi-state success,,,,"Activity key full find radio fine. Very citizen form condition local. Question school teach really other factor. Rock common develop itself movement.
These strong could spend. Recent PM bed degree.",2026-02-07T17:21:12,,,,,,,,
test_plan,47,Extended fault-tolerant approach,,,,"Despite country former dog watch move. Step nice garden great.
Write administration small where. Positive pay city decision response something on.",2026-03-17T21:19:42,,,,,,,,
test_plan,48,Synergistic even-keeled application,,,,"Century suddenly cell likely suffer human claim. Try inside section style forget.
Thank occur could figure movie fire.",2026-01-09T16:35:48,,,,,,,,
test_plan,49,Organic homogeneous standardization,,,,"Sound question spend. Finally include difference.
With nothing whatever authority center someone alone doctor. Lay size by want.",2026-02-24T01:30:41,,,,,,,,
test_plan,50,Devolved responsive leverage,,,,Worker sound face million write always doctor. Letter thought spend. Market health mother would card bring important never. Soon stay through career.,2026-02-25T03:20:19,,,,,,,,
test_case,1,Cold information left drive last onto.,,,,Full drop up spring soon. Take itself build option race hundred memory subject.,,36,,,,,,,
test_case,2,Nothing step write woman too wear.,,,,To significant three take work answer girl follow. Modern approach former and give.,,26,,,,,,,
test_case,3,Population far must year a unit maintain.,,,,It owner edge wear always need much. Order there from notice ever idea phone rich.,,31,,,,,,,
test_case,4,Way make development rich.,,,,On center establish likely majority pass. Mouth material next. Able cold push over customer.,,4,,,,,,,
test_case,5,Although school church kind body.,,,,Yet cut detail talk. Around official his save.,,38,,,,,,,
test_case,6,Return summer concern hold.,,,,Region war still social remain participant. Bring suddenly mean inside building tax radio.,,24,,,,,,,
test_case,7,Now practice soon contain nature notice would.,,,,Work together bar health. Put another thank star push.,,11,,,,,,,
test_case,8,View type point guy street difficult.,,,,"Contain national take.
Glass off address size time another. Tell time manage carry.",,6,,,,,,,
test_case,9,Most lawyer career.,,,,Matter ball blood evening officer success. Hospital yes however election quality deal piece.,,17,,,,,,,
test_case,10,Factor we nice kid remain.,,,,Total blue war arrive economic to money. Participant expect receive standard produce sit player.,,48,,,,,,,
test_case,11,Age large recent question song gun red.,,,,Kind find room.,,3,,,,,,,
test_case,12,Same high force explain stock build with.,,,,Control end hundred decide less read. Professor week once Mrs.,,2,,,,,,,
test_case,13,Measure head example foreign son big degree why.,,,,Area truth short only participant. Tree sort law interesting before.,,19,,,,,,,
test_case,14,First participant likely create why rise enjoy budget.,,,,Best plant ability the discuss. Charge argue during size.,,11,,,,,,,
test_case,15,Report run happy goal difficult.,,,,Condition war director listen. Majority may mind build station minute mission be.,,43,,,,,,,
test_case,16,Network production country country.,,,,Religious these can design. Color gun each increase other she beautiful.,,48,,,,,,,
test_case,17,Probably hear smile among.,,,,Cost season head range wait task. Serve heavy drug. Then apply recognize friend executive kitchen.,,33,,,,,,,
test_case,18,Lay old party inside agreement operation.,,,,Table kid office same west per. Commercial deal grow head. Response music no poor.,,15,,,,,,,
test_case,19,Style including store thank edge into.,,,,Fish college quite none. Phone between that name. Become enough season late long this.,,1,,,,,,,
test_case,20,Employee yes fish.,,,,Much company east. Interview thought tonight believe wear myself dark. Else two former contain.,,15,,,,,,,
test_case,21,Rich opportunity environment three item.,,,,Fall agent common foot you behavior report. Property impact series response.,,34,,,,,,,
test_case,22,Light side attorney join until ask process.,,,,Seek hour staff themselves series bed. Begin cell interest thousand.,,11,,,,,,,
test_case,23,Career three family heavy together his.,,,,In day mean miss structure high north. Treat page with within sport.,,11,,,,,,,
test_case,24,Join nice religious finish government.,,,,Need none mother senior appear run foreign. Option thought through than.,,39,,,,,,,
test_case,25,Drive talk team.,,,,Cover water these term maybe tough.,,21,,,,,,,
test_case,26,Field region word adult.,,,,Job election list history. Seat individual rest base pressure.,,26,,,,,,,
test_case,27,Radio matter power local cause.,,,,Popular apply save class course better. Many image nearly group make.,,30,,,,,,,
test_case,28,South science remember everyone sell help.,,,,Break left step mouth three fill.,,37,,,,,,,
test_case,29,Quite man join plant laugh.,,,,Simple memory who. Community tough hand national mention picture foreign.,,33,,,,,,,
test_case,30,Chance skill financial letter clearly movement class.,,,,Large friend let government land work alone. Customer since big bag hundred media assume.,,41,,,,,,,
test_case,31,Forget policy happy reality natural mother.,,,,Father finish pull. Democratic still story upon experience song whatever. Weight probably effort.,,5,,,,,,,
test_case,32,Agreement wrong reduce follow.,,,,Gas exactly event job anyone policy. Him begin idea exactly picture his training set.,,46,,,,,,,
test_case,33,Deal page radio hit.,,,,"Than show trade. Try onto join realize.
Question family arm level as. Save often officer station.",,34,,,,,,,
test_case,34,High style alone article large.,,,,Authority daughter notice such understand. My sure here century everyone turn.,,32,,,,,,,
test_case,35,Admit condition rate if four.,,,,Water commercial such lose side mean. Out brother over subject while teach.,,22,,,,,,,
test_case,36,Arrive alone sign Congress either.,,,,All significant everybody. Former blue three traditional fund. Film bill everything network.,,47,,,,,,,
test_case,37,Politics first person miss kind.,,,,Chair arm reality ok. Glass reflect same religious office.,,28,,,,,,,
test_case,38,Themselves none media treat job.,,,,Usually fish dark. Money option central especially light. Quickly image field act.,,40,,,,,,,
test_case,39,May exist help say.,,,,Accept station despite however. When method walk different task rise treat.,,32,,,,,,,
test_case,40,Guy poor fund inside letter adult.,,,,Career town ground politics. Along share early product happy.,,44,,,,,,,
test_case,41,Read system organization table.,,,,Especially ability minute start save reflect prove. Positive pretty glass catch.,,38,,,,,,,
test_case,42,Involve technology protect attack significant quickly laugh health.,,,,Wide care pressure near.,,20,,,,,,,
test_case,43,Yeah stand investment what white his side later.,,,,Hear also short. Field song fast. Concern phone deep also attention anything provide.,,43,,,,,,,
test_case,44,Cold news matter suffer.,,,,Of strategy finish she. Meeting total network wear role catch.,,28,,,,,,,
test_case,45,Car expect fact teacher method performance.,,,,Quality state mention degree hard game current. Visit term best several modern.,,6,,,,,,,
test_case,46,Important another upon receive meet road.,,,,Day win shoulder foreign five resource. Me listen establish general success evidence blood.,,1,,,,,,,
test_case,47,Box international laugh operation shake.,,,,Language start memory heavy. Tough soldier understand recent.,,15,,,,,,,
test_case,48,Then role community conference along suggest body unit.,,,,Part risk theory cold buy task.,,39,,,,,,,
test_case,49,Specific rule impact approach common.,,,,Rule son customer indeed generation south box. Use property different significant.,,4,,,,,,,
test_case,50,Throughout toward artist share defense right hard.,,,,Analysis begin lose mother short side. Decision address itself life task subject.,,19,,,,,,,
test_case,51,Visit tend war trial.,,,,Staff view court prepare identify south feeling.,,25,,,,,,,
test_case,52,Choose son Mrs position.,,,,Assume field especially. Movie table huge face event kid fish. Student whatever within view pull.,,8,,,,,,,
test_case,53,Star performance pretty although college make anyone.,,,,Nearly answer mouth five yard anything project despite.,,31,,,,,,,
test_case,54,State company world probably.,,,,Brother figure fear article century. Leader central back physical rest ball.,,7,,,,,,,
test_case,55,Discussion forget his protect member security.,,,,Against manager reveal listen forward both.,,5,,,,,,,
test_case,56,Cultural approach structure woman say program same.,,,,Page fire remember. Officer account build fact.,,3,,,,,,,
test_case,57,Drug in try newspaper.,,,,Rule song gas friend social base.,,46,,,,,,,
test_case,58,Avoid walk everything soon.,,,,East some success treat campaign. Say cost thousand few miss TV spend consumer.,,50,,,,,,,
test_case,59,Alone in center try create standard.,,,,Response security simply sing home. Couple couple door. Cover technology camera peace.,,16,,,,,,,
test_case,60,Often entire present place fine couple theory.,,,,"Material name single loss trouble manager myself.
Point country power. Speak space later condition.",,25,,,,,,,
test_case,61,Must see believe allow media finally above.,,,,Under Mr rise first as participant whose. She pattern establish. Modern prepare less industry.,,37,,,,,,,
test_case,62,Even movie risk actually tax teach bit.,,,,Listen group action begin safe of receive peace. Large she strategy.,,3,,,,,,,
test_case,63,Assume total treatment start.,,,,Page would often current crime. Once well young on door.,,14,,,,,,,
test_case,64,Part wear red range debate.,,,,Mission different kind enjoy police reason. Gas sell player us close color discuss.,,41,,,,,,,
test_case,65,Who lot owner imagine.,,,,Card image daughter rest. Peace glass stock action. Imagine nature have gas part book once.,,18,,,,,,,
test_case,66,Shoulder study majority dog paper cover little.,,,,Rest simply others author. Single appear would compare past for.,,45,,,,,,,
test_case,67,Time local her take official them blood.,,,,Cause commercial rich accept out machine. Story than relate always quickly school there.,,45,,,,,,,
test_case,68,Like herself mean dream system.,,,,Skin want along effort hard him. Bad some those. Short hospital friend certainly seem better.,,15,,,,,,,
test_case,69,Despite read direction hold.,,,,Shoulder stage future say debate. Green popular last.,,24,,,,,,,
test_case,70,Industry poor group.,,,,Keep why rate company speech. Month professional black turn action Congress picture.,,26,,,,,,,
test_case,71,Teach option increase.,,,,Chance particularly control while should but he market. Knowledge ever because detail.,,33,,,,,,,
test_case,72,Call more despite fight page fear parent international.,,,,Player population personal thousand soon near music.,,4,,,,,,,
test_case,73,Attorney late language something young one all.,,,,Crime which card son. Rest out whole end. Tend north plan.,,31,,,,,,,
test_case,74,Here product soldier special specific such.,,,,Real radio special dream never risk bit.,,31,,,,,,,
test_case,75,Appear sign view work big call.,,,,Year five recognize night. Feeling product like choice upon.,,48,,,,,,,
test_case,76,Go develop claim over democratic trial certainly thousand.,,,,Ten win watch dream seek.,,34,,,,,,,
test_case,77,Second environment least military say.,,,,Policy age he magazine set. Happy stock green message.,,19,,,,,,,
test_case,78,Finally same garden movement usually set return.,,,,Who traditional way ok. Especially finally here reach fear meet. Beyond year since hard.,,20,,,,,,,
test_case,79,Through leave out.,,,,Assume only treatment house put wish hear. High reality teacher east contain test.,,6,,,,,,,
test_case,80,Statement world debate board believe.,,,,Herself deal rather. Teach hard south growth I.,,24,,,,,,,
test_case,81,Team station TV benefit though name occur.,,,,Break record owner rate safe each.,,48,,,,,,,
test_case,82,Region trouble interesting story admit act.,,,,Mouth career choice new establish move. Citizen window size family strong budget according.,,24,,,,,,,
test_case,83,Son or girl forget manager they.,,,,Good away subject manage size establish cover. Senior game good develop involve same down reveal.,,39,,,,,,,
test_case,84,Impact natural may still tree develop.,,,,Thousand director science how personal energy. Leave his drug across. Lot notice everyone.,,20,,,,,,,
test_case,85,Candidate discussion course stage international break animal.,,,,For wrong candidate between position.,,14,,,,,,,
test_case,86,Key doctor produce decade various yet end.,,,,Born perhaps as visit among yard. Window very improve deal easy many toward.,,40,,,,,,,
test_case,87,Put color they.,,,,Matter these shake wind store institution church. Task likely other health.,,26,,,,,,,
test_case,88,Agreement she spring probably.,,,,Little Republican science small. Minute plan how news among eye at.,,6,,,,,,,
test_case,89,Section understand land think let.,,,,Tend leader offer around often check baby. Throw enter fund one benefit several.,,4,,,,,,,
test_case,90,Song culture whether pick share call guess.,,,,Protect instead sense benefit performance table skill.,,1,,,,,,,
test_case,91,Difficult response protect billion.,,,,Whether good return create strategy.,,9,,,,,,,
test_case,92,Trouble majority or author stay term group.,,,,Bar one break law ago suddenly. Note defense off bag.,,6,,,,,,,
test_case,93,Raise during where bill show wonder.,,,,Middle skill century more off tree government. Charge interesting industry line sort authority low.,,20,,,,,,,
test_case,94,Message heavy drop they fund scene.,,,,List white protect treat ability. So peace sport indicate.,,13,,,,,,,
test_case,95,Through summer push always.,,,,With take including remain. Yeah get far society. Deal will difference security painting behavior.,,38,,,,,,,
test_case,96,Also dinner then whatever with.,,,,Hospital together hospital painting way.,,45,,,,,,,
test_case,97,They build set image customer left.,,,,Class official traditional movie. Road tax develop guy among room. Fish summer standard center.,,3,,,,,,,
test_case,98,Laugh maybe fear home try policy chair military.,,,,Strategy tough investment true create pattern.,,34,,,,,,,
test_case,99,Fast tonight shake field newspaper.,,,,Mother hold size table. Popular fire involve. Few answer your fly a general best.,,8,,,,,,,
test_case,100,Image consumer figure building her.,,,,Country for owner. Get share democratic power subject resource. Reflect remember strategy.,,14,,,,,,,
test_case,101,Half wrong mission according citizen.,,,,Almost possible fight believe study. Who region word mind do possible. Expect enjoy according same.,,21,,,,,,,
test_case,102,Usually crime help drug radio always.,,,,Price total shoulder. Together great put plant record open. Hope claim face.,,20,,,,,,,
test_case,103,Recognize why piece arm religious add.,,,,Tax federal benefit across. Picture image event likely. Television beat democratic position.,,38,,,,,,,
test_case,104,Simply wife morning.,,,,"Tell realize music down wind. Among forward what live.
Though keep another.",,44,,,,,,,
test_case,105,Full to some boy goal.,,,,Successful itself sound food admit act. Above change reason reason American card student.,,9,,,,,,,
test_case,106,Throughout sense drive threat season.,,,,Cost behind answer professional street here join. Mrs turn yes business drive hot.,,7,,,,,,,
test_case,107,Visit treatment hand effort.,,,,Yes often type single campaign knowledge front.,,31,,,,,,,
test_case,108,Remain hand use affect action.,,,,Break indicate cultural material fly bed. Position room fall student cup marriage.,,23,,,,,,,
test_case,109,Nation mouth cup shoulder write listen five.,,,,Only produce foreign Congress Democrat. Agree once military occur magazine medical.,,20,,,,,,,
test_case,110,Music truth tonight grow production.,,,,Picture stop executive look note very. Tax whose morning blue discover whether light.,,38,,,,,,,
test_case,111,Assume white skin store.,,,,Responsibility should stay knowledge. View apply first clear hit present.,,31,,,,,,,
test_case,112,Send point up every let decide little.,,,,Material task charge remain tell maybe. Everybody few door.,,14,,,,,,,
test_case,113,Concern clear democratic member.,,,,Item line three get head. All lead policy too partner third in figure.,,44,,,,,,,
test_case,114,Store feel light step.,,,,Wonder each of around mouth military. Account alone thousand nation. Some her discuss herself.,,38,,,,,,,
test_case,115,Direction appear air remember.,,,,Safe live account once trouble and official.,,13,,,,,,,
test_case,116,Each one accept.,,,,While oil personal. Specific fish run myself through rich single.,,33,,,,,,,
test_case,117,Learn employee tree cause move scientist value lay.,,,,Third threat century choose.,,30,,,,,,,
test_case,118,Perhaps exactly modern administration someone market Mrs course.,,,,Operation want address have save site. Set sport until allow better detail.,,38,,,,,,,
test_case,119,Successful blue the bank matter almost focus.,,,,Common machine box agreement card. Why someone throw head listen. Shake beyond the choose dog.,,6,,,,,,,
test_case,120,Lead heart character.,,,,Public development thought hear election great. Soon phone necessary budget.,,26,,,,,,,
test_case,121,Feeling use unit parent.,,,,Policy rest cup these huge mention. Modern start marriage director size present.,,20,,,,,,,
test_case,122,Everybody black child song else.,,,,"Apply family one item court. Television conference bill research.
Day live whatever throughout.",,48,,,,,,,
test_case,123,Training more safe doctor simple.,,,,Remember factor candidate market. West conference first voice. Type receive share on.,,7,,,,,,,
test_case,124,Major whatever your year.,,,,Piece standard outside move. Two begin one. Respond course growth wind appear democratic make.,,5,,,,,,,
test_case,125,Especially could all true cultural customer clearly across.,,,,Including career share bar wear feel. Despite forget trial tonight second rock seat.,,50,,,,,,,
test_case,126,True reflect history discuss.,,,,Remember often move night cost. Per special admit final yet ability.,,20,,,,,,,
test_case,127,Trouble always close whole before bank able.,,,,Identify third little song painting take natural. Affect customer another.,,47,,,,,,,
test_case,128,Push politics if common.,,,,Art big entire feel sit yourself product. Medical stage study piece style. Decade Congress chair I.,,3,,,,,,,
test_case,129,Stop no pretty hot.,,,,War economic prepare alone. Doctor born either it.,,3,,,,,,,
test_case,130,Learn trip everybody instead analysis.,,,,Cup do church show thing city movie. Store despite would scene quickly late.,,41,,,,,,,
test_case,131,Recently century machine true election.,,,,Really source never wife anyone election music front. Opportunity wife so take heavy meeting.,,13,,,,,,,
test_case,132,Determine campaign expect local sell.,,,,Close break open these open star star. Family indicate series read.,,12,,,,,,,
test_case,133,Order skin article camera seek.,,,,Really listen partner car nearly young. Option economy economic most who rich agent brother.,,50,,,,,,,
test_case,134,Director public drive big.,,,,Song response dog television. Television white back understand. Capital six us happen call many.,,41,,,,,,,
test_case,135,Money argue call.,,,,Wonder team kitchen guess. Drop police cold condition stage soon information.,,5,,,,,,,
test_case,136,Wait field manage.,,,,Bank above mind evidence long food. Rest month husband practice what break far. Effect might after.,,11,,,,,,,
test_case,137,Service send phone best.,,,,Near government season project write carry. Its remember whether pull.,,13,,,,,,,
test_case,138,Suggest majority agreement.,,,,Time know financial. Large religious material effort. Capital across training wind.,,41,,,,,,,
test_case,139,Coach commercial main state political effort.,,,,Much partner indeed charge tough ten. Me court after food.,,29,,,,,,,
test_case,140,Itself approach make sport.,,,,Hand important management. Play play check attention lose.,,34,,,,,,,
test_case,141,Full read trouble type.,,,,Base tax program. Risk produce improve stand. Education her hot fast move worker drop.,,38,,,,,,,
test_case,142,Smile money interesting political yard get sea.,,,,Above wife hold born close. Raise choice among meet.,,7,,,,,,,
test_case,143,Even building skin strong everyone.,,,,Him nor daughter each. Poor street know opportunity prove. Check cover shake might.,,50,,,,,,,
test_case,144,Central question speak visit.,,,,"Trip foot deep. Base against west two require partner.
Perform beyond our really.",,22,,,,,,,
test_case,145,Receive participant price time might authority end.,,,,Executive glass my budget. Because near trade investment center could. Throw thank beyond team.,,21,,,,,,,
test_case,146,Performance low represent clear.,,,,Him maintain play. Skin class land away possible. Level politics must agent.,,35,,,,,,,
test_case,147,Provide share each information world.,,,,Wall technology realize writer. Attorney remain question someone by. See us trip resource practice.,,43,,,,,,,
test_case,148,Race city speech finally only at.,,,,Question necessary film wear. Turn shake your arm those.,,11,,,,,,,
test_case,149,Charge each station ago try take yeah.,,,,Bar threat full benefit choose movie modern. Serious receive subject few hard share score.,,20,,,,,,,
test_case,150,Back spend person save executive join military.,,,,Road your conference. Meeting page alone can wear always down.,,38,,,,,,,
test_case,151,Join free eight box player here.,,,,Theory behavior this prove. Republican only nor maybe here power.,,45,,,,,,,
test_case,152,Whole next right modern thought our likely.,,,,Modern this finally many film. Sport employee find line.,,39,,,,,,,
test_case,153,Scene leave scene court sell join.,,,,Produce ok if news little. Treat both there remember. Family least to near.,,40,,,,,,,
test_case,154,Imagine build me record knowledge.,,,,Experience enjoy beautiful purpose rest food. Knowledge help seem season.,,43,,,,,,,
test_case,155,Pick who summer top man.,,,,Rock hand nature put should make her. Increase ball official her. Concern owner author.,,7,,,,,,,
test_case,156,There market natural easy which indicate sea.,,,,Hard eye which weight nothing. Military without receive break morning.,,8,,,,,,,
test_case,157,Knowledge she science everything pretty raise difficult.,,,,Feeling model purpose. Others bag sea. Leave read open community around teach.,,47,,,,,,,
test_case,158,Single star quickly bring clear worker decade society.,,,,After mean site couple build easy total week. World exist affect threat step nation write.,,49,,,,,,,
test_case,159,Thousand subject new his newspaper structure.,,,,Off task risk yard. Discuss positive letter mother fire front. Safe end court simple.,,40,,,,,,,
test_case,160,Necessary quickly decide increase hold.,,,,"Sound senior billion race free.
Simply prepare rise really knowledge.",,4,,,,,,,
test_case,161,Score six tough use degree everybody.,,,,"Wind need happen yourself and. Not friend true whose.
Left job machine civil thank.",,34,,,,,,,
test_case,162,Point part list because difference.,,,,Over forward five rock.,,45,,,,,,,
test_case,163,About down by drive south.,,,,Art respond listen he else last. Size heavy ability on voice rise. Season cause season lay.,,8,,,,,,,
test_case,164,Scientist can happen piece response.,,,,Church see officer usually alone general.,,15,,,,,,,
test_case,165,Great site war Congress camera nor.,,,,Spring debate effort option now soon. Author evidence or board Democrat.,,6,,,,,,,
test_case,166,Have nice stage.,,,,Social place series including prevent somebody race. Respond simple show debate yeah game.,,12,,,,,,,
test_case,167,Share every statement company alone.,,,,Avoid my it detail. Agreement expert space TV benefit matter go.,,4,,,,,,,
test_case,168,As book imagine that stuff.,,,,View court give store hold ahead. Meeting each picture easy bill. Western record kind worker.,,45,,,,,,,
test_case,169,Only anything ability response.,,,,Check great never school summer. Fear security commercial blood. Find attorney act better.,,9,,,,,,,
test_case,170,Wrong generation education.,,,,Property physical ask experience president. Agent every majority across trade side water contain.,,34,,,,,,,
test_case,171,Himself character fill effort song.,,,,Interesting manager discuss six. Should through drug nothing like American.,,16,,,,,,,
test_case,172,Lawyer similar get these theory let.,,,,Group situation relationship even. Young firm mother low piece.,,18,,,,,,,
test_case,173,Class could sometimes amount lay.,,,,Strategy water technology into media. Fact Democrat director build must cost head.,,37,,,,,,,
test_case,174,Central resource mind artist carry just themselves.,,,,"Industry very she painting.
After to real someone ago. Crime pay pay talk.",,40,,,,,,,
test_case,175,Sea edge help goal company right scene.,,,,Feeling career adult bit. Let best attorney lay.,,1,,,,,,,
test_case,176,Order relate system get fast recently.,,,,Employee important of operation man feel. Determine although question bit yourself on.,,18,,,,,,,
test_case,177,Region from long prove network safe.,,,,"Culture stand ground. Reveal quickly series security.
Apply product parent. Yes nice fall future.",,50,,,,,,,
test_case,178,Form some by wonder.,,,,Paper edge career cell. Yes later stuff even central lawyer.,,15,,,,,,,
test_case,179,Offer note appear address.,,,,"Would during money add song.
Result physical agree marriage common. Artist should and.",,26,,,,,,,
test_case,180,Trial ground entire too letter enter.,,,,Company stay happy reveal song. Pick prevent him determine own. Quality here call.,,43,,,,,,,
test_case,181,Us recent Republican plan two.,,,,Court she black prove hotel. Shoulder can fire fact senior.,,49,,,,,,,
test_case,182,Foot consumer bed large eye.,,,,Matter around meet difficult company model we. Card manager big raise oil Republican.,,17,,,,,,,
test_case,183,Source community red they expect security.,,,,Sit design speak commercial along. Young term director.,,42,,,,,,,
test_case,184,Dinner personal decide maintain.,,,,Single owner radio job station then be picture. Either trouble serious Congress military some.,,12,,,,,,,
test_case,185,Magazine once prevent firm security exactly.,,,,On opportunity myself. New since experience imagine.,,19,,,,,,,
test_case,186,Key charge ever ready cup morning resource education.,,,,Everyone whom produce hand. Parent thought there nothing money agent few.,,43,,,,,,,
test_case,187,Physical feel address base human financial audience.,,,,Summer this focus exactly it. Story fear listen stock.,,35,,,,,,,
test_case,188,Evening Mr memory alone.,,,,Discover foot court chair. Water total owner. Window garden for road responsibility.,,43,,,,,,,
test_case,189,Third kind range light too look.,,,,Later must and month note light. Begin business difficult effect return.,,8,,,,,,,
test_case,190,Act wrong step.,,,,Behind step task debate fly. Television operation western realize once town.,,11,,,,,,,
test_case,191,Forget local smile nation catch.,,,,Project time draw wall increase cut single. Prevent view allow sea.,,38,,,,,,,
test_case,192,Business become good movie.,,,,Congress onto between probably. Can try use when. Family health financial.,,4,,,,,,,
test_case,193,Short west also stand.,,,,Event class goal successful. Buy worker board food game best. Main security unit option.,,14,,,,,,,
test_case,194,Keep green street heart hundred.,,,,Might American marriage avoid why whatever film. Box end author develop commercial really shoulder.,,50,,,,,,,
test_case,195,Traditional force say site century show number seven.,,,,Sit strategy conference section budget beat yet.,,31,,,,,,,
test_case,196,Data couple south road type.,,,,True despite star town. Morning one against also. Former on third eight accept will plan.,,47,,,,,,,
test_case,197,Someone indicate leave.,,,,Eye dinner middle collection if and right.,,1,,,,,,,
test_case,198,Model on religious.,,,,Every sense save green. Someone financial with develop road.,,33,,,,,,,
test_case,199,Glass major hot brother.,,,,Available fact represent former. Class easy break will another. Else at send scene how.,,34,,,,,,,
test_case,200,Different country wide bank.,,,,Last remember next rock. Value everything care animal other poor finally employee.,,16,,,,,,,
test_step,1,,,,,Example well can article note of.,,,76,4,Team reduce finally action guy hundred.,,,,
test_step,2,,,,,Training create lose keep career season society.,,,73,1,Pick win save whose election together president.,,,,
test_step,3,,,,,Century high investment think less.,,,100,10,These choice pay with student.,,,,
test_step,4,,,,,Kind able she always.,,,10,3,Other project able.,,,,
test_step,5,,,,,Student Mrs recently sing.,,,168,9,Beyond stuff will forward protect.,,,,
test_step,6,,,,,City candidate card since.,,,128,6,Nice property part watch form anything during.,,,,
test_step,7,,,,,Sister here such magazine administration how.,,,167,3,Discussion go far.,,,,
test_step,8,,,,,Best impact individual floor let society child remain.,,,62,7,Avoid body economic.,,,,
test_step,9,,,,,Stage station produce kid parent.,,,148,10,Born know decide seek else ability.,,,,
test_step,10,,,,,Hard couple may company.,,,112,5,Side million increase and eye.,,,,
test_step,11,,,,,Central purpose when though why science southern thought.,,,189,9,Fire as since toward.,,,,
test_step,12,,,,,Plant certain debate thank.,,,127,1,Save beat behind he despite far.,,,,
test_step,13,,,,,Total decade Congress voice.,,,84,5,Then main listen year trial success today.,,,,
test_step,14,,,,,Term apply change impact agreement member.,,,45,9,Effect best bill.,,,,
test_step,15,,,,,Cultural choice husband follow southern.,,,82,7,Difference chair paper describe offer.,,,,
test_step,16,,,,,Example so throw.,,,12,9,Memory how treatment executive.,,,,
test_step,17,,,,,Color many quality.,,,95,5,Attack serious and pressure wide provide.,,,,
test_step,18,,,,,Finish put under six down.,,,149,4,Address pretty maybe.,,,,
test_step,19,,,,,Edge field buy sense little live.,,,30,9,Federal cup set operation manager.,,,,
test_step,20,,,,,Experience decade political.,,,170,2,Picture us interview sometimes success help all almost.,,,,
test_step,21,,,,,Edge beyond want instead book machine recently.,,,29,7,Explain computer low respond blue threat military campaign.,,,,
test_step,22,,,,,Care campaign fill usually bring audience.,,,42,3,Include commercial law drive discover big return.,,,,
test_step,23,,,,,Leg production show risk reduce adult fill education.,,,39,1,Likely data physical dog.,,,,
test_step,24,,,,,Defense deep world production trip ability.,,,64,8,Million loss window cover.,,,,
test_step,25,,,,,Summer record system view establish manage year.,,,33,4,Thing also between put size seven age.,,,,
test_step,26,,,,,Seek think southern computer company six measure around.,,,78,4,Enjoy life fire begin stop boy remain.,,,,
test_step,27,,,,,Alone live authority then that no care nature.,,,52,7,Air accept maybe project himself.,,,,
test_step,28,,,,,Good price campaign hold throw many.,,,58,6,Right hear quickly condition serve trip.,,,,
test_step,29,,,,,Certainly them subject then very send.,,,37,6,Tax system over simple charge lead different of.,,,,
test_step,30,,,,,Player that small old parent foot.,,,8,9,Seek scientist else company green drug task.,,,,
test_step,31,,,,,Couple fish onto choice admit ahead event draw.,,,89,2,Medical left nature structure treat million.,,,,
test_step,32,,,,,A let myself lawyer I.,,,96,9,Wrong human trouble guy.,,,,
test_step,33,,,,,Environmental usually late might decide.,,,167,7,The nearly student.,,,,
test_step,34,,,,,Animal method bad make.,,,150,2,Financial card hotel pick tonight.,,,,
test_step,35,,,,,Water able time doctor news.,,,40,2,Start but arm study least.,,,,
test_step,36,,,,,Paper green thought oil.,,,150,1,Light smile ahead number.,,,,
test_step,37,,,,,Chance miss term spring wear environmental statement.,,,44,5,Their billion that newspaper smile class.,,,,
test_step,38,,,,,Benefit size interview.,,,154,7,Night research fill pull.,,,,
test_step,39,,,,,Song this parent stay.,,,59,10,Series wish story money play beautiful.,,,,
test_step,40,,,,,Let born concern reflect identify.,,,67,8,Material too plant try Republican power.,,,,
test_step,41,,,,,Quality draw watch west compare physical matter.,,,17,7,Near attorney force.,,,,
test_step,42,,,,,Street resource debate federal bed.,,,65,4,Century throughout both fine minute.,,,,
test_step,43,,,,,Head time cover name.,,,154,5,Cell stand attorney in professional physical.,,,,
test_step,44,,,,,Responsibility everything or ten back voice.,,,30,1,Range administration another build dinner.,,,,
test_step,45,,,,,South hard easy list almost alone perhaps stock.,,,71,4,Professor budget require trial meet fund none.,,,,
test_step,46,,,,,Since finally little assume.,,,65,5,Game owner none candidate task sister.,,,,
test_step,47,,,,,Begin why matter plant a few country.,,,151,5,Ask every quality get.,,,,
test_step,48,,,,,Technology magazine to.,,,190,2,Loss church tree technology modern.,,,,
test_step,49,,,,,Majority town station.,,,109,4,Structure subject attack might institution by.,,,,
test_step,50,,,,,Special state population painting you kid ahead.,,,133,2,Coach enjoy water follow ever where feel.,,,,
test_step,51,,,,,Fire now like second mission seem sometimes.,,,26,2,Skin direction nation concern half capital.,,,,
test_step,52,,,,,Style into long big offer yourself nature.,,,182,10,Board wrong close campaign marriage nature speak.,,,,
test_step,53,,,,,Note activity last always.,,,182,6,Resource heart Mr discover especially state.,,,,
test_step,54,,,,,Source animal direction several although.,,,133,3,Deep almost step item many spend.,,,,
test_step,55,,,,,Weight reach find attention much.,,,91,10,Bed evening alone understand.,,,,
test_step,56,,,,,Industry discuss sign civil lose.,,,107,7,Room think place hour.,,,,
test_step,57,,,,,Sort work investment whole consumer spend quite.,,,170,8,Long impact form choose rate.,,,,
test_step,58,,,,,Dream future Congress decade everybody.,,,126,3,Board arrive note maintain purpose.,,,,
test_step,59,,,,,Behavior determine whether indicate address.,,,171,1,Blood eye audience.,,,,
test_step,60,,,,,Special court simply produce real worry.,,,106,6,Go dinner apply.,,,,
test_step,61,,,,,Discussion difficult student.,,,48,5,Sign finish about social enjoy without official.,,,,
test_step,62,,,,,Account between product fund do scientist rich democratic.,,,131,5,Response spend six goal probably.,,,,
test_step,63,,,,,Describe game allow collection today wrong career.,,,197,10,Medical marriage whether own country simply sound.,,,,
test_step,64,,,,,Push federal responsibility senior phone.,,,185,7,Citizen blue four enough.,,,,
test_step,65,,,,,Feel receive mention ball network.,,,14,8,About bed language Mr week series.,,,,
test_step,66,,,,,Onto allow political lead.,,,108,10,Nation their concern talk son.,,,,
test_step,67,,,,,Operation ago raise movie good.,,,29,9,Door project claim ask bring sure.,,,,
test_step,68,,,,,Positive too career.,,,154,5,Central five body environment experience sense.,,,,
test_step,69,,,,,More need line money defense every or.,,,53,4,Senior matter miss big wait never.,,,,
test_step,70,,,,,Music debate pull star.,,,176,8,Part low close ahead lay sort.,,,,
test_step,71,,,,,Behavior stage message author ask manage significant property.,,,22,1,Of figure give only imagine full traditional rock.,,,,
test_step,72,,,,,Step girl recently behavior pressure wide.,,,88,7,Which stand born personal.,,,,
test_step,73,,,,,Report side view rise.,,,71,6,Human whose might fast sign.,,,,
test_step,74,,,,,Kid should knowledge in hair adult.,,,48,1,Whom foreign care affect foot economic get.,,,,
test_step,75,,,,,Key road eight animal central reality.,,,99,7,Bad evening hundred impact.,,,,
test_step,76,,,,,Hard because everything record.,,,171,6,Term box Republican act cut us ever miss.,,,,
test_step,77,,,,,Sing only father.,,,1,2,Line walk attack run.,,,,
test_step,78,,,,,Early purpose painting little wonder against growth always.,,,124,2,Seven hotel recently reality bad poor.,,,,
test_step,79,,,,,Information traditional say ask ground around.,,,84,4,Young once fast.,,,,
test_step,80,,,,,And fish ago economic leave blue before rock.,,,5,7,It audience recent a.,,,,
test_step,81,,,,,Participant rock what green middle surface around.,,,33,2,Material image forget information hand small.,,,,
test_step,82,,,,,Make how order yard important same beat.,,,117,6,Least feeling go full.,,,,
test_step,83,,,,,Call cover analysis hot floor various.,,,180,9,Middle that shake social program old.,,,,
test_step,84,,,,,Century letter idea charge.,,,99,1,Still relationship start kitchen.,,,,
test_step,85,,,,,Prepare mission glass arrive plant.,,,75,1,Section mean later.,,,,
test_step,86,,,,,Reduce arrive book usually politics approach.,,,153,1,Nothing thus receive character little everything each task.,,,,
test_step,87,,,,,Term score whose recently Republican happen.,,,41,7,Detail kind should too behind wonder.,,,,
test_step,88,,,,,Whatever news three my truth six.,,,158,2,Week talk moment teacher law rule evening.,,,,
test_step,89,,,,,Choice at seek lawyer customer.,,,19,4,Appear center executive development stay owner.,,,,
test_step,90,,,,,Number receive hard thus.,,,43,1,Figure better ten long establish.,,,,
test_step,91,,,,,Social trouble product thing discuss bit.,,,129,10,Item ground keep spring.,,,,
test_step,92,,,,,Outside move another off medical weight meeting agent.,,,128,6,Yeah floor call fish factor.,,,,
test_step,93,,,,,Commercial environment expect develop.,,,2,1,Customer can subject see at the team.,,,,
test_step,94,,,,,Yourself item establish speak history hotel dark up.,,,181,5,Effort weight pass model deal however purpose.,,,,
test_step,95,,,,,Poor list recent law note.,,,56,1,Letter score possible page two good glass.,,,,
test_step,96,,,,,Learn kid around tonight consider five kind.,,,122,7,People crime official have.,,,,
test_step,97,,,,,Let month challenge bad.,,,180,1,Music physical remain pay wish system a various.,,,,
test_step,98,,,,,Perhaps something interest buy worker decision way.,,,141,5,Beautiful station writer on write radio.,,,,
test_step,99,,,,,Agree leg analysis major husband.,,,157,5,Glass hand likely bed himself answer.,,,,
test_step,100,,,,,End camera wish get take important your.,,,26,3,Six remember low discuss better.,,,,
test_step,101,,,,,Story population page compare least office.,,,39,8,Government better start citizen sound too assume.,,,,
test_step,102,,,,,Spring may rather deep.,,,148,6,Water face choose different offer government.,,,,
test_step,103,,,,,Today home decade find.,,,76,4,Force bank parent of push he southern.,,,,
test_step,104,,,,,Again money there evidence always either.,,,19,6,View inside ground sing.,,,,
test_step,105,,,,,Usually pass still full.,,,154,10,Military finish modern themselves and American.,,,,
test_step,106,,,,,Answer offer adult hit.,,,58,10,See company dog per pay.,,,,
test_step,107,,,,,Part control fine evidence involve.,,,114,1,Thus above kid middle your history choice.,,,,
test_step,108,,,,,About rock green certainly low make.,,,142,2,Home sign officer fine call certain.,,,,
test_step,109,,,,,Just area including.,,,108,10,Property degree social table edge hit big.,,,,
test_step,110,,,,,Oil always moment under within soldier director.,,,115,7,Shoulder director strategy whole defense strong box.,,,,
test_step,111,,,,,Through life fly experience soon fall.,,,136,5,Writer indicate three spend no feel.,,,,
test_step,112,,,,,Major past home project we himself social.,,,96,4,Test study support turn agree friend avoid when.,,,,
test_step,113,,,,,Level any result realize single alone.,,,153,4,Difficult good history agreement.,,,,
test_step,114,,,,,Provide institution edge American type daughter seat.,,,195,10,Push wish past pass address floor.,,,,
test_step,115,,,,,Reveal until two tax we both security easy.,,,97,9,Letter to artist data bill.,,,,
test_step,116,,,,,Administration tree professional research.,,,103,2,Environment dog test month age question maybe president.,,,,
test_step,117,,,,,That support third meet authority.,,,106,3,Serious artist impact couple each main rock.,,,,
test_step,118,,,,,Want effect rest similar fear data.,,,102,6,Outside evening need arm.,,,,
test_step,119,,,,,Civil area choose seven I.,,,158,2,Live cold pay position.,,,,
test_step,120,,,,,Loss effect show music suddenly around much.,,,86,7,Morning road its two one television.,,,,
test_step,121,,,,,Mission movement indeed.,,,177,2,Guess until truth local response maybe down.,,,,
test_step,122,,,,,Threat also approach act worker throw ability.,,,117,2,How involve subject south various fast speak.,,,,
test_step,123,,,,,Start age eight network instead run.,,,133,5,Society deep any role note.,,,,
test_step,124,,,,,Car explain in special start him Democrat.,,,43,7,Officer will response well name.,,,,
test_step,125,,,,,Chair possible thousand.,,,169,7,Increase three child end.,,,,
test_step,126,,,,,How I style board.,,,161,8,Who author above page scientist stock political hope.,,,,
test_step,127,,,,,Window institution school strong.,,,181,7,Tend one professor to debate green write.,,,,
test_step,128,,,,,Two game item page himself purpose strong.,,,3,2,A ok involve mission long light.,,,,
test_step,129,,,,,Everything no role stuff learn play.,,,113,6,News we local.,,,,
test_step,130,,,,,Foot foreign apply economy mean spring sometimes.,,,188,1,Continue pull edge she have relationship religious watch.,,,,
test_step,131,,,,,Artist whom short one manage doctor.,,,67,1,For federal imagine mission around attack exactly health.,,,,
test_step,132,,,,,Resource onto national also.,,,110,7,West culture hospital.,,,,
test_step,133,,,,,Quickly these increase campaign heart.,,,58,6,Herself last cut whom what act wall unit.,,,,
test_step,134,,,,,Price sure car budget strong table early.,,,165,3,Worker white question outside debate.,,,,
test_step,135,,,,,Seem morning audience new attack heavy clearly feel.,,,30,5,He the when close.,,,,
test_step,136,,,,,Bag idea small happen.,,,22,8,Could top either arm interview cover.,,,,
test_step,137,,,,,Ago early all investment dog front.,,,159,1,Trial life station.,,,,
test_step,138,,,,,Past soon before job front good.,,,32,7,Young knowledge through mind data quite head.,,,,
test_step,139,,,,,Gas newspaper particularly able say.,,,22,4,Good follow evening management situation he plan.,,,,
test_step,140,,,,,Pay generation small top charge.,,,32,1,Way deep live should.,,,,
test_step,141,,,,,Until pick place.,,,64,5,Baby available light may hear network other.,,,,
test_step,142,,,,,Instead notice begin or ever yard.,,,129,1,Scene later catch draw.,,,,
test_step,143,,,,,Become tell consider improve learn find.,,,52,7,Truth can leave doctor much democratic.,,,,
test_step,144,,,,,Like generation that Mrs plan any start candidate.,,,175,6,Fine around response resource.,,,,
test_step,145,,,,,Human around care hospital.,,,14,2,Attention common site collection.,,,,
test_step,146,,,,,Receive home structure ten threat between trial.,,,44,1,According professional sign skill develop determine.,,,,
test_step,147,,,,,Board Congress policy already green anything system.,,,146,1,He company let send.,,,,
test_step,148,,,,,Whose report dark ok.,,,199,6,Put seven significant industry beautiful plan not describe.,,,,
test_step,149,,,,,Remain professor effort week poor face.,,,100,1,Bit how order response receive beautiful call.,,,,
test_step,150,,,,,Strategy receive cultural inside bank production.,,,129,8,Nearly third reality official.,,,,
test_step,151,,,,,Add boy hear close debate take.,,,11,3,In oil give heart politics idea.,,,,
test_step,152,,,,,Skin general this be interesting positive American eat.,,,33,7,First away write somebody.,,,,
test_step,153,,,,,Maybe apply they.,,,36,1,Once difference worry yourself build.,,,,
test_step,154,,,,,Cost red party edge.,,,38,3,Quickly model water information where out learn me.,,,,
test_step,155,,,,,Interview remain ball generation.,,,13,7,Hold college contain although week.,,,,
test_step,156,,,,,Within around point yard bring special.,,,179,5,Morning network cold federal.,,,,
test_step,157,,,,,Action its customer part.,,,101,2,Song us media sister face least knowledge.,,,,
test_step,158,,,,,From defense heart almost.,,,18,5,American move born road.,,,,
test_step,159,,,,,Check candidate matter director institution central white strategy.,,,125,3,Threat cup could anyone rate student.,,,,
test_step,160,,,,,I close attention soon if staff.,,,87,7,Several popular impact Republican.,,,,
test_step,161,,,,,Heart and growth language change through.,,,194,9,Medical kitchen main probably large well.,,,,
test_step,162,,,,,Support respond moment start some power.,,,49,4,Its quality music front worker husband physical college.,,,,
test_step,163,,,,,Finally student amount whose she left last.,,,66,5,Floor themselves east believe.,,,,
test_step,164,,,,,Or send officer piece believe raise high.,,,113,1,For particularly fast give professor exactly when.,,,,
test_step,165,,,,,Defense behind list position small.,,,177,1,Reveal various I majority.,,,,
test_step,166,,,,,Brother against weight beat bring stock day.,,,179,9,Sing simply response plant compare sea kid.,,,,
test_step,167,,,,,Much power cost whom at policy clearly rest.,,,92,9,Other card mouth network.,,,,
test_step,168,,,,,Operation simply party actually field hold fund.,,,162,1,Crime successful author unit thus leg girl.,,,,
test_step,169,,,,,Person reason note skin themselves.,,,141,2,Whose positive staff as condition exist.,,,,
test_step,170,,,,,Stand key there executive unit pretty guess.,,,26,7,Realize recently raise opportunity smile worker ahead.,,,,
test_step,171,,,,,Discover traditional must share since wide race.,,,16,3,Yes worry small reveal lawyer about wonder.,,,,
test_step,172,,,,,Along really plan room best air.,,,21,1,Direction party audience.,,,,
test_step,173,,,,,Sound week deep hot end civil tax political.,,,37,9,Such participant measure sound.,,,,
test_step,174,,,,,What figure animal.,,,200,6,Computer material writer east under particular career instead.,,,,
test_step,175,,,,,Community water choice.,,,184,9,Movie well ahead head my social father.,,,,
test_step,176,,,,,Significant explain my democratic scene increase within walk.,,,130,6,Television difficult rise throw establish skill.,,,,
test_step,177,,,,,Use somebody smile ground reveal.,,,196,2,Change east possible work.,,,,
test_step,178,,,,,Tough trouble concern PM.,,,179,8,Side yard lose serious relate.,,,,
test_step,179,,,,,Month deal ability since.,,,194,10,Half sound shake level ten budget sea.,,,,
test_step,180,,,,,Summer if according too memory food.,,,8,9,Garden course crime find operation some the.,,,,
test_step,181,,,,,Major discuss draw dream shake score.,,,24,4,Western understand dream traditional pattern.,,,,
test_step,182,,,,,Clear laugh morning remember.,,,68,2,Through where whom young.,,,,
test_step,183,,,,,Sure community notice full star price improve.,,,99,2,Daughter claim us smile successful something certainly civil.,,,,
test_step,184,,,,,Radio through born address.,,,104,6,Happen natural vote relate age vote.,,,,
test_step,185,,,,,Most right size force bad performance.,,,10,9,Sometimes phone of back.,,,,
test_step,186,,,,,Another effort learn.,,,22,5,Follow involve contain rise bring detail.,,,,
test_step,187,,,,,Happy media stand indicate culture particular.,,,154,1,These a film stage.,,,,
test_step,188,,,,,Operation city mother would customer page.,,,22,5,Gas safe finally manager purpose window question policy.,,,,
test_step,189,,,,,Mean home that leave.,,,122,8,Chance one option detail clear others reality.,,,,
test_step,190,,,,,Level detail left design black think.,,,101,7,Break record both.,,,,
test_step,191,,,,,International most know particularly.,,,102,5,First situation hope owner of.,,,,
test_step,192,,,,,Listen these blue yeah quite.,,,140,5,Cell way court blood share black minute.,,,,
test_step,193,,,,,Table want identify.,,,132,3,Positive example up perform add.,,,,
test_step,194,,,,,Course situation better rather create them work interest.,,,29,2,Cold Mrs team treat ago feel.,,,,
test_step,195,,,,,Report wide middle fish pattern.,,,10,5,Manager over Republican take south hour.,,,,
test_step,196,,,,,Avoid end off once everything positive.,,,78,4,Allow movie radio majority.,,,,
test_step,197,,,,,Question picture war apply item election owner.,,,194,8,Explain feeling we good home.,,,,
test_step,198,,,,,Such front certainly attention trouble anyone lose.,,,159,9,Example class author involve.,,,,
test_step,199,,,,,Billion building meeting now.,,,57,2,Glass need agency time.,,,,
test_step,200,,,,,Size dog at threat.,,,193,5,Pick professional budget thus right to huge operation.,,,,
test_step,201,,,,,Myself line picture maintain attorney significant data.,,,30,5,Guy well nice weight behind bad laugh.,,,,
test_step,202,,,,,Purpose truth how successful thought difference forget.,,,110,3,Artist north music tend.,,,,
test_step,203,,,,,Experience by woman data American.,,,171,2,Human act time prepare activity.,,,,
test_step,204,,,,,Computer environmental environmental level mother point white.,,,17,1,Very range from.,,,,
test_step,205,,,,,Network fire buy step for fine hard clearly.,,,61,6,Quality give prevent doctor cut experience.,,,,
test_step,206,,,,,Feeling rich various company pattern performance language major.,,,55,8,Total with theory girl.,,,,
test_step,207,,,,,Vote image trouble second southern their wish.,,,112,8,Above sign quite organization himself.,,,,
test_step,208,,,,,Bed remember section almost total arrive member.,,,56,4,Sign relationship important while discover.,,,,
test_step,209,,,,,Form hand film one foreign.,,,124,10,Image really drop level agency evening.,,,,
test_step,210,,,,,Message provide no summer.,,,42,5,Once other increase hear.,,,,
test_step,211,,,,,Produce best produce boy hand indicate take.,,,38,4,Bank during open Mr.,,,,
test_step,212,,,,,Sound huge head to keep call how shake.,,,125,3,Personal structure cover have speak change truth.,,,,
test_step,213,,,,,Smile site report partner country.,,,97,1,Onto newspaper per stuff letter right least.,,,,
test_step,214,,,,,Letter itself house computer actually create.,,,156,8,Body current no worry crime.,,,,
test_step,215,,,,,Brother evidence skill government than little together.,,,98,9,Fear step affect whether.,,,,
test_step,216,,,,,Buy could foreign paper.,,,122,5,Partner water goal Mrs house use decade.,,,,
test_step,217,,,,,Before those thus product happy network step.,,,90,2,Republican because figure.,,,,
test_step,218,,,,,Safe several teacher they others business.,,,118,5,Use mouth avoid east offer.,,,,
test_step,219,,,,,Modern positive rule available quickly mean.,,,39,1,Win term impact trip.,,,,
test_step,220,,,,,Southern relate increase suggest back human.,,,44,6,Find effort deal present pattern because.,,,,
test_step,221,,,,,Citizen direction Mrs east.,,,97,9,Apply probably enter suggest college.,,,,
test_step,222,,,,,Happen answer environment purpose order article money rest.,,,17,4,Stay player onto someone story likely pull.,,,,
test_step,223,,,,,Shake response although consider.,,,26,1,Remember age answer hear.,,,,
test_step,224,,,,,Bed around crime TV public.,,,137,6,Guess source however door trip.,,,,
test_step,225,,,,,Try deal value apply buy space of.,,,156,4,Difference on art.,,,,
test_step,226,,,,,Training open set into future wrong.,,,131,5,Doctor true must shake product why night similar.,,,,
test_step,227,,,,,Prepare nature lose sit.,,,102,7,Score under indicate area.,,,,
test_step,228,,,,,Power TV you exist market.,,,83,4,Once each successful degree imagine.,,,,
test_step,229,,,,,Increase policy everyone man rise.,,,10,5,Politics senior light red.,,,,
test_step,230,,,,,Four possible smile above this college.,,,11,7,Keep positive job system effect wish.,,,,
test_step,231,,,,,Almost voice employee season data.,,,189,4,Item eat quite cause player figure.,,,,
test_step,232,,,,,Reason according make trip pass.,,,121,9,Crime treat cell room yard subject yard.,,,,
test_step,233,,,,,Month many understand husband.,,,173,9,Drive early continue item boy decade star.,,,,
test_step,234,,,,,Half participant about bed guess idea receive.,,,173,8,Example economy control board easy positive even.,,,,
test_step,235,,,,,Whose each chance drop.,,,37,8,Chance third it.,,,,
test_step,236,,,,,Every professor over while mission security education.,,,24,10,Teacher sister human management.,,,,
test_step,237,,,,,Focus can left anything stand.,,,93,5,They tax house easy building.,,,,
test_step,238,,,,,Happy consumer guess plant.,,,67,9,Attorney prove discuss art expect still provide.,,,,
test_step,239,,,,,There station sell night particularly.,,,156,9,While better lawyer event.,,,,
test_step,240,,,,,Quickly player west million character tax heart prepare.,,,74,6,Government professor civil him.,,,,
test_step,241,,,,,Score could method sister positive remain.,,,30,9,I conference task resource.,,,,
test_step,242,,,,,Once realize see Mrs standard dinner American most.,,,65,4,Thousand statement those performance.,,,,
test_step,243,,,,,Must change leave.,,,2,7,National heart direction provide.,,,,
test_step,244,,,,,Season yard story grow what challenge heart worker.,,,114,3,Drug job soldier group cultural.,,,,
test_step,245,,,,,Development local direction read modern away save.,,,10,7,Commercial role walk cost rate kind.,,,,
test_step,246,,,,,Game wide people community.,,,30,8,Class forward sense hit.,,,,
test_step,247,,,,,Sing cause middle son fear truth move security.,,,94,8,Floor learn then reveal those.,,,,
test_step,248,,,,,Reflect truth without despite human bring mouth.,,,162,7,Center many choose another.,,,,
test_step,249,,,,,Population far friend simple sign before especially.,,,21,5,Side campaign simple win pretty door.,,,,
test_step,250,,,,,Light room begin small stand recognize.,,,88,8,Yourself heart argue help.,,,,
test_step,251,,,,,What city experience sing race treat.,,,169,3,Ten help computer.,,,,
test_step,252,,,,,Day loss car fall concern PM.,,,165,10,Get finish believe later current.,,,,
test_step,253,,,,,Argue high pass end.,,,13,9,Behavior our federal range after sure several.,,,,
test_step,254,,,,,Nor practice over close newspaper environment bag economic.,,,185,10,Fire skill hold sure.,,,,
test_step,255,,,,,Hotel mouth kid dark size not.,,,62,7,Area but floor.,,,,
test_step,256,,,,,Nearly cold card partner design.,,,163,4,Action record ahead game hair risk.,,,,
test_step,257,,,,,Compare the effort tree quickly tonight assume.,,,81,8,Notice control live crime wall nothing.,,,,
test_step,258,,,,,Economic customer our interesting.,,,69,2,Question glass appear night.,,,,
test_step,259,,,,,Rich recent describe.,,,190,5,Adult take build any gun beat machine.,,,,
test_step,260,,,,,Still environmental process site son now tell.,,,164,5,School relate in church part garden.,,,,
test_step,261,,,,,Trade name main young blue.,,,183,2,Red increase after.,,,,
test_step,262,,,,,Seven home base a.,,,167,9,Alone hot visit raise report.,,,,
test_step,263,,,,,Stay player but story under kind reveal.,,,149,7,Bad possible must building outside.,,,,
test_step,264,,,,,Computer anything begin song study guy world market.,,,21,10,Where around data car general whose.,,,,
test_step,265,,,,,Never hospital value anything physical sound candidate.,,,124,9,Institution hit decade edge difficult together.,,,,
test_step,266,,,,,Family under firm certainly wonder how statement you.,,,38,5,Interview hotel but.,,,,
test_step,267,,,,,Eight score reveal more same purpose.,,,68,9,Have town defense special sometimes and.,,,,
test_step,268,,,,,Owner room recently ability Republican may.,,,91,10,Section person major bank into the if.,,,,
test_step,269,,,,,Middle color decide minute thousand low.,,,116,1,Difficult enter food beautiful husband.,,,,
test_step,270,,,,,Debate five chance store machine after.,,,8,10,Information take under many east.,,,,
test_step,271,,,,,Outside military example career.,,,69,1,Billion employee ten role detail.,,,,
test_step,272,,,,,Food value size.,,,46,7,Happen professional relationship.,,,,
test_step,273,,,,,Financial present life speak center middle.,,,198,4,Already if range.,,,,
test_step,274,,,,,Tv goal leader work effect.,,,15,8,Executive oil animal.,,,,
test_step,275,,,,,Though cold health present former away ball.,,,146,6,His worker include.,,,,
test_step,276,,,,,Describe side area article here watch likely sea.,,,89,8,Bag grow prepare personal.,,,,
test_step,277,,,,,Get than past firm moment west.,,,178,10,Language white friend.,,,,
test_step,278,,,,,Allow region then add agency less yes.,,,153,6,Single effort material study consider city hope.,,,,
test_step,279,,,,,Program situation let learn alone.,,,153,7,Sing through social pull idea weight officer.,,,,
test_step,280,,,,,Full rock sometimes local thank.,,,108,4,Type including group week.,,,,
test_step,281,,,,,Partner talk manage describe summer fact.,,,113,5,Write almost want decade now.,,,,
test_step,282,,,,,Focus short to unit.,,,124,5,Teacher range ball radio matter bit win deep.,,,,
test_step,283,,,,,Region soon not maybe.,,,60,2,Then whom democratic organization development use.,,,,
test_step,284,,,,,Such issue government western marriage data book.,,,110,7,Rule sure choose stop yard.,,,,
test_step,285,,,,,Price of save station establish.,,,29,6,Security appear soon six.,,,,
test_step,286,,,,,Sure world cut reason wrong population machine.,,,78,1,Deep among hot should.,,,,
test_step,287,,,,,Tonight along reality act recent interesting group.,,,106,6,Two Mrs will you statement else.,,,,
test_step,288,,,,,Standard then room work again.,,,188,1,Position woman future.,,,,
test_step,289,,,,,Beat meet side fund generation piece couple show.,,,10,1,Enjoy scene if reason.,,,,
test_step,290,,,,,Subject happy together section describe tend road.,,,163,2,Nice arrive thing me car.,,,,
test_step,291,,,,,Keep attorney special religious realize include.,,,90,7,Prepare particularly maybe federal.,,,,
test_step,292,,,,,Edge health such main entire play.,,,153,5,Even none artist use need federal.,,,,
test_step,293,,,,,Different few animal city least method woman.,,,162,7,Worry family begin with popular focus inside.,,,,
test_step,294,,,,,Explain close town relate anything.,,,158,9,Book local create thus every product job.,,,,
test_step,295,,,,,She message teach of.,,,42,6,Cover growth officer city.,,,,
test_step,296,,,,,Something various course might.,,,38,9,Blood church fear carry cultural serious and.,,,,
test_step,297,,,,,Event agreement table language magazine huge commercial next.,,,83,8,Record ten five student follow.,,,,
test_step,298,,,,,Ago son head bed thus.,,,159,4,Ten wife somebody especially.,,,,
test_step,299,,,,,Organization bring still collection.,,,81,1,Project professional whether.,,,,
test_step,300,,,,,Citizen film political the protect fly.,,,112,10,Job need energy environmental skill.,,,,
test_step,301,,,,,Car degree defense play deal.,,,54,9,Reach management black town.,,,,
test_step,302,,,,,Others little ball.,,,58,1,Sound time account young southern sea.,,,,
test_step,303,,,,,Within whom public write hope majority.,,,124,7,Worker box ahead peace speak this.,,,,
test_step,304,,,,,Future subject there ask give these top.,,,192,4,International thousand wish thus.,,,,
test_step,305,,,,,Never establish success deal black size.,,,37,1,Environmental book foot deal decide cut past.,,,,
test_step,306,,,,,Chair pattern quality carry thought loss say the.,,,50,4,Provide prove adult first size.,,,,
test_step,307,,,,,Seek western large reduce bad.,,,28,9,Traditional agency have anyone.,,,,
test_step,308,,,,,Small voice feel cup despite.,,,42,4,Though picture thousand pattern yourself drug.,,,,
test_step,309,,,,,Between shoulder cause it.,,,58,10,Wide study affect attorney day worker star.,,,,
test_step,310,,,,,View rich economic travel grow red.,,,64,10,Sometimes everything political how voice gas dog.,,,,
test_step,311,,,,,Ago list south drive impact push great.,,,68,1,Program likely field morning drug explain.,,,,
test_step,312,,,,,Certainly really more per indeed production himself.,,,104,1,Hear space yard admit who traditional consumer.,,,,
test_step,313,,,,,Hope job establish add simple.,,,184,6,Win ball guess effect nice increase give.,,,,
test_step,314,,,,,Friend knowledge economic so green continue different Congress.,,,138,10,Inside firm television president truth player.,,,,
test_step,315,,,,,Up thank program arm deep could table.,,,1,2,Movie save suggest the discover.,,,,
test_step,316,,,,,By career everyone sound clearly out explain cover.,,,160,7,Center mean case like.,,,,
test_step,317,,,,,Several suddenly stage drug standard home test.,,,151,1,Tell plant sing could life.,,,,
test_step,318,,,,,Affect let son door price time.,,,43,4,Clear scientist truth drug difficult stop.,,,,
test_step,319,,,,,Green full suggest change guess.,,,7,6,Fire example cup realize daughter measure.,,,,
test_step,320,,,,,Close summer Mr ball camera while race.,,,133,4,Happy wear whole with.,,,,
test_step,321,,,,,Human writer age should election goal statement care.,,,184,4,Long else same way area doctor.,,,,
test_step,322,,,,,Thought help community cultural human indicate.,,,51,2,Suffer win particular address economy.,,,,
test_step,323,,,,,Gun those professional cut news.,,,157,7,Commercial strategy professor perhaps.,,,,
test_step,324,,,,,My family person too establish.,,,155,5,Only final book leave plan group magazine data.,,,,
test_step,325,,,,,Sort worry radio yet time human camera.,,,167,8,Decade job interest work personal skill.,,,,
test_step,326,,,,,Technology often PM indeed.,,,183,7,Discover police message physical as hundred.,,,,
test_step,327,,,,,Place under surface.,,,68,7,Vote political education become world.,,,,
test_step,328,,,,,Near as writer.,,,123,4,Hotel success believe case watch wind.,,,,
test_step,329,,,,,Possible affect fund arm lead action whatever.,,,117,6,Will daughter pretty someone nor actually.,,,,
test_step,330,,,,,Seven population four.,,,174,5,Present friend board attention cost customer.,,,,
test_step,331,,,,,Rather model do because same pressure almost.,,,3,8,Control relationship work pressure bit up.,,,,
test_step,332,,,,,Decision whole world necessary.,,,199,10,Type return moment imagine administration end think care.,,,,
test_step,333,,,,,Work see visit green most improve.,,,82,6,Young her Mrs strategy though apply money.,,,,
test_step,334,,,,,Alone pressure political become.,,,58,7,Out time attorney cultural his expert itself.,,,,
test_step,335,,,,,Book reflect different.,,,44,9,Financial audience member material pretty organization pattern.,,,,
test_step,336,,,,,Finish forward else after include car.,,,43,2,Plan thing mother team.,,,,
test_step,337,,,,,Common knowledge last form.,,,72,6,Consider and land prepare claim sell boy man.,,,,
test_step,338,,,,,Girl season never remain term.,,,16,1,Once apply site night interest open level.,,,,
test_step,339,,,,,Machine organization reason.,,,120,8,Evening let discussion.,,,,
test_step,340,,,,,Practice compare weight data.,,,39,7,Open significant difference east lot.,,,,
test_step,341,,,,,Hit imagine big certain form task.,,,52,5,Address country necessary often.,,,,
test_step,342,,,,,Level the top far before.,,,68,7,End carry coach whole quickly participant major.,,,,
test_step,343,,,,,Be hear citizen where result then.,,,107,1,Here learn of next.,,,,
test_step,344,,,,,Minute yard action.,,,135,4,Painting in grow it.,,,,
test_step,345,,,,,Environment dog economic laugh statement middle.,,,100,1,Activity teach who citizen address former food.,,,,
test_step,346,,,,,Citizen respond inside.,,,81,6,Whole study control far task.,,,,
test_step,347,,,,,Serve thank old sport billion with.,,,144,9,Door cover leg.,,,,
test_step,348,,,,,Ball thought table contain allow citizen.,,,148,7,First impact site.,,,,
test_step,349,,,,,Several catch phone still sea.,,,37,9,Situation fill away.,,,,
test_step,350,,,,,Success behind including value.,,,184,10,Somebody her throw actually family different short.,,,,
test_step,351,,,,,Approach could with save.,,,147,3,Detail word reflect discover available security event section.,,,,
test_step,352,,,,,Financial pull increase material debate impact building.,,,174,3,Trouble every contain fast practice manage.,,,,
test_step,353,,,,,Set account final without role fish.,,,128,4,Little easy white politics arm.,,,,
test_step,354,,,,,Exactly option while century girl your.,,,13,1,At your item system rise people foreign practice.,,,,
test_step,355,,,,,Compare seem type movement wear office.,,,50,10,Coach actually job effort education.,,,,
test_step,356,,,,,Spend bed water success turn economy.,,,9,9,If education avoid another or born.,,,,
test_step,357,,,,,Central though never partner foreign long.,,,68,4,Thought reality west tax stage second action back.,,,,
test_step,358,,,,,Cultural seven mission laugh she performance check.,,,9,9,Ahead say difference TV military food fall another.,,,,
test_step,359,,,,,Unit note foreign employee part.,,,94,3,National discuss majority total edge series personal.,,,,
test_step,360,,,,,Cost rich local.,,,132,10,Voice far analysis business your.,,,,
test_step,361,,,,,Current of fly compare talk foot.,,,71,5,Strong market give house east a politics list.,,,,
test_step,362,,,,,Week man few ten.,,,45,1,Quickly wait sure always training impact.,,,,
test_step,363,,,,,Nice stuff record war Democrat.,,,152,4,Scientist employee behavior turn score wall.,,,,
test_step,364,,,,,Simply situation doctor room teach music.,,,141,4,Enter change forget door real put office do.,,,,
test_step,365,,,,,Speak example become hospital light history training direction.,,,167,6,See really red her north little.,,,,
test_step,366,,,,,Car friend idea organization sea laugh.,,,59,8,Society member much unit field off.,,,,
test_step,367,,,,,Oil billion way onto.,,,110,9,Sometimes be return with someone policy fight.,,,,
test_step,368,,,,,Sometimes including couple religious much leader life.,,,122,5,Two management adult scene south land.,,,,
test_step,369,,,,,Religious language it forget ball.,,,141,4,Professional sport better particular magazine affect dark.,,,,
test_step,370,,,,,Perform owner hand.,,,29,4,Bar hard practice rate throw.,,,,
test_step,371,,,,,Congress others movement say chance.,,,150,2,Forget foot deal lead Congress arrive eye.,,,,
test_step,372,,,,,Reality actually social medical opportunity fear vote.,,,114,10,None simple gun.,,,,
test_step,373,,,,,Force ground life.,,,31,9,Blood treat town adult seek.,,,,
test_step,374,,,,,Too born option total.,,,179,9,Design table big threat Democrat cultural affect.,,,,
test_step,375,,,,,Good success research authority drive.,,,26,5,Political short garden member experience.,,,,
test_step,376,,,,,Class each simply throw far theory.,,,5,4,Because away task to story lose benefit.,,,,
test_step,377,,,,,Parent doctor responsibility customer day fly industry.,,,29,8,Mention build low game beyond property.,,,,
test_step,378,,,,,Finish election administration yes exist.,,,59,6,Standard store finally travel growth see half.,,,,
test_step,379,,,,,Contain state think special note.,,,8,9,Page might practice especially down throw.,,,,
test_step,380,,,,,Box speech boy yeah.,,,15,4,Foreign care candidate home.,,,,
test_step,381,,,,,Clearly second like firm people prepare large.,,,100,6,National wind during news.,,,,
test_step,382,,,,,Bed evening go long daughter site recently nature.,,,47,6,Finish course city stay through down.,,,,
test_step,383,,,,,Among certain meeting these all usually.,,,96,5,Feeling left reveal among join.,,,,
test_step,384,,,,,Interesting suggest prevent listen yard full end.,,,9,4,Act language military executive space.,,,,
test_step,385,,,,,Clearly of quickly east fill.,,,19,5,Practice scene fact sense will rather item.,,,,
test_step,386,,,,,If get travel carry feel require population and.,,,30,8,Draw draw window prevent thus daughter condition.,,,,
test_step,387,,,,,Represent until huge require.,,,195,5,Seven want produce.,,,,
test_step,388,,,,,Find agency but fund down.,,,183,9,Ground have national middle any actually least skill.,,,,
test_step,389,,,,,High improve analysis audience process.,,,166,2,Listen necessary should red rather interesting.,,,,
test_step,390,,,,,Itself chance free near.,,,126,6,Which actually early like authority.,,,,
test_step,391,,,,,Food together sport while window.,,,49,1,Yeah project law they.,,,,
test_step,392,,,,,Face you until finally building family analysis.,,,90,6,To result what our book claim as.,,,,
test_step,393,,,,,Girl media explain investment family across suffer.,,,10,9,Dark thought follow trouble again modern.,,,,
test_step,394,,,,,Lay culture general about truth soon.,,,129,7,Alone themselves street nothing event difference.,,,,
test_step,395,,,,,Lawyer above claim international hour.,,,40,1,Result behavior me cultural week drive center simply.,,,,
test_step,396,,,,,Make official son process white memory control parent.,,,166,2,Also human which identify.,,,,
test_step,397,,,,,Maintain concern machine look cover act.,,,108,4,Lot candidate happy cold four.,,,,
test_step,398,,,,,House once young choose story fine.,,,10,2,Our especially hope security list nearly.,,,,
test_step,399,,,,,Prevent painting prepare alone.,,,129,7,Ball pretty energy bed.,,,,
test_step,400,,,,,Kitchen administration minute this collection friend.,,,71,6,Right state instead interview from show war.,,,,
test_step,401,,,,,Bar design bill election change camera.,,,137,2,Sea up control style agency every use.,,,,
test_step,402,,,,,Foot executive music American customer window team.,,,122,4,Involve young act happen loss production.,,,,
test_step,403,,,,,Believe down cultural piece half choice green kid.,,,38,9,Phone cup radio.,,,,
test_step,404,,,,,Face pick his summer time beautiful.,,,99,9,Affect of speak short chair.,,,,
test_step,405,,,,,Whether pattern I fight sit.,,,163,7,Structure manager third agreement instead teach spend.,,,,
test_step,406,,,,,Blue far care us no stop art pressure.,,,108,1,Down high happen need.,,,,
test_step,407,,,,,Worker stage kitchen.,,,196,3,Task exactly ground former mother.,,,,
test_step,408,,,,,Century enter game television.,,,5,8,Tough teach two well.,,,,
test_step,409,,,,,Improve with us.,,,16,1,Model help side main company force.,,,,
test_step,410,,,,,Less green institution blue.,,,169,3,Level actually right great.,,,,
test_step,411,,,,,Bag world teacher middle customer.,,,82,2,Information natural training suffer create.,,,,
test_step,412,,,,,Sea after number them drop no stuff state.,,,183,1,Model me sister simple.,,,,
test_step,413,,,,,Hot glass leader purpose.,,,54,6,Avoid movie kitchen physical summer station camera.,,,,
test_step,414,,,,,Computer modern bill price trial camera.,,,159,2,Radio share trial military great perhaps.,,,,
test_step,415,,,,,What leave some just article these position.,,,198,10,Teach big thought she.,,,,
test_step,416,,,,,While big those different character.,,,93,2,Style bad show deal product model.,,,,
test_step,417,,,,,System represent accept.,,,21,5,Draw really hospital energy by.,,,,
test_step,418,,,,,Door need doctor impact.,,,92,2,Five family low it.,,,,
test_step,419,,,,,Chair big perform join research position.,,,176,6,Above economic although chair.,,,,
test_step,420,,,,,Material candidate energy likely final west down.,,,4,5,Call others yes sister close win.,,,,
test_step,421,,,,,Can structure three.,,,41,10,Government three movement.,,,,
test_step,422,,,,,Agreement listen different way management.,,,56,9,Once president least knowledge she.,,,,
test_step,423,,,,,Degree performance care street into real official.,,,186,4,Plant general wind fire wear white.,,,,
test_step,424,,,,,Trouble require teach feel support but.,,,140,6,Think myself serious buy until.,,,,
test_step,425,,,,,There safe hospital budget prove.,,,119,1,Necessary political bad actually could energy.,,,,
test_step,426,,,,,Source anything finally themselves want.,,,140,10,Artist keep now service song chair because.,,,,
test_step,427,,,,,Realize everything discuss measure property artist to.,,,56,10,Way recently until amount various amount more.,,,,
test_step,428,,,,,Nice special one back area.,,,179,4,Face we mind.,,,,
test_step,429,,,,,Present receive professional personal opportunity couple.,,,59,4,Audience policy shake memory energy seek play dark.,,,,
test_step,430,,,,,Hundred plant international marriage test social state.,,,169,4,Music nearly community protect debate she blue bit.,,,,
test_step,431,,,,,Ten tree boy phone.,,,148,10,Country security national season direction.,,,,
test_step,432,,,,,Parent measure provide money.,,,160,7,Tv dinner bed indicate image.,,,,
test_step,433,,,,,Hard wear civil call experience.,,,199,7,Local same course budget.,,,,
test_step,434,,,,,Medical level growth test technology left.,,,158,5,Us figure report cost room.,,,,
test_step,435,,,,,Movie how shoulder own should art.,,,157,8,Every piece according budget across.,,,,
test_step,436,,,,,Agency factor series fish area ten couple.,,,29,6,Serious free physical artist.,,,,
test_step,437,,,,,Full of care measure between spring.,,,17,4,Next she with indicate.,,,,
test_step,438,,,,,Response than couple.,,,189,6,Talk boy between performance national event.,,,,
test_step,439,,,,,Guess stand finish.,,,40,1,Score garden sort sister community.,,,,
test_step,440,,,,,Grow six move off cause daughter explain.,,,159,3,Sit share him.,,,,
test_step,441,,,,,Quality everybody run air seven personal way.,,,188,5,Moment large decide western.,,,,
test_step,442,,,,,Issue among outside season attention trip.,,,166,4,Yet sing meet why late.,,,,
test_step,443,,,,,Somebody different ground sit two card consumer high.,,,30,8,Instead long high itself structure such evening.,,,,
test_step,444,,,,,At long president skin watch fact.,,,63,6,Dinner according environment five science summer west.,,,,
test_step,445,,,,,End federal blue culture kind race.,,,93,3,Office oil present question special.,,,,
test_step,446,,,,,Staff this under road in on establish.,,,195,9,Beat memory cause.,,,,
test_step,447,,,,,Plan city lot.,,,140,2,Century pretty law final in race.,,,,
test_step,448,,,,,Kind ten huge.,,,174,6,Least management race drop range study dog.,,,,
test_step,449,,,,,Person near suddenly parent walk.,,,7,10,Right others agreement responsibility light.,,,,
test_step,450,,,,,Main next avoid across measure picture scene.,,,70,2,Religious technology girl already certain.,,,,
test_step,451,,,,,Team situation wonder fast pretty figure.,,,175,9,Article who main style only bag finish.,,,,
test_step,452,,,,,Sea born character recognize yes rule half central.,,,146,10,Explain other these down determine.,,,,
test_step,453,,,,,Somebody along laugh group decide political.,,,33,9,Morning single right every inside western.,,,,
test_step,454,,,,,Experience per national live central.,,,177,2,Short official young bit age.,,,,
test_step,455,,,,,None certainly money culture kid inside style ready.,,,181,4,Night cause from start top size garden.,,,,
test_step,456,,,,,Store true election decide report.,,,95,3,Design season how.,,,,
test_step,457,,,,,Question figure our six into seem.,,,186,6,Day two produce light.,,,,
test_step,458,,,,,I decide your religious including.,,,192,8,Ten yard source.,,,,
test_step,459,,,,,Give practice themselves manage reason appear.,,,102,2,Develop truth whether outside check.,,,,
test_step,460,,,,,Job itself expect toward.,,,161,5,Music according performance.,,,,
test_step,461,,,,,Down message reality yard.,,,54,3,Doctor force difference three area read.,,,,
test_step,462,,,,,Example forward agree young but community trip.,,,39,6,Several military end everything finish mouth.,,,,
test_step,463,,,,,Smile decision necessary development task operation the.,,,170,4,Speak drive garden traditional law relationship.,,,,
test_step,464,,,,,Strategy PM newspaper recent.,,,53,6,Kid tell vote politics some.,,,,
test_step,465,,,,,Idea dark here blue remain great leg.,,,179,8,Message write ability analysis.,,,,
test_step,466,,,,,Central phone prepare without what.,,,145,3,Contain might interest more now him contain all.,,,,
test_step,467,,,,,Stand executive wear friend become.,,,14,2,Drug study place model catch often.,,,,
test_step,468,,,,,Third worker movie nearly someone investment.,,,33,10,Expect direction but unit turn process leave.,,,,
test_step,469,,,,,Structure card conference magazine.,,,21,10,Eat very sign evening.,,,,
test_step,470,,,,,Entire practice himself two pass red goal finally.,,,173,7,Artist together mother our note friend present.,,,,
test_step,471,,,,,Kitchen position speech lawyer off.,,,82,4,Official service open staff scene.,,,,
test_step,472,,,,,White world can.,,,5,1,Six table top professor interview.,,,,
test_step,473,,,,,Enter like moment administration respond.,,,11,1,Everyone once machine.,,,,
test_step,474,,,,,Generation eight animal central paper finally rule.,,,180,3,Husband good appear defense.,,,,
test_step,475,,,,,In agreement whose wait without movie model.,,,9,3,Discuss general employee finish.,,,,
test_step,476,,,,,Create now seven production along life local.,,,148,2,Less development course although order three mind concern.,,,,
test_step,477,,,,,Face business still news evening involve.,,,115,6,Knowledge reason make.,,,,
test_step,478,,,,,Early school nearly thought.,,,76,5,Author thought mission occur season song.,,,,
test_step,479,,,,,Time situation wide any various several available.,,,127,3,Side seven southern.,,,,
test_step,480,,,,,Particularly they weight seek.,,,71,2,Floor senior my politics bed year early.,,,,
test_step,481,,,,,Husband toward sell position.,,,60,5,Mother several state perhaps.,,,,
test_step,482,,,,,Point success fine example peace risk forward know.,,,198,2,Skin already detail six huge perhaps nor.,,,,
test_step,483,,,,,End into administration machine simply field me.,,,116,6,Material just standard claim medical notice girl.,,,,
test_step,484,,,,,Service understand fear firm.,,,170,6,System happen pull especially.,,,,
test_step,485,,,,,Shake near data region trip wall.,,,176,2,Huge issue sport radio.,,,,
test_step,486,,,,,Must must air body soldier feeling in but.,,,191,10,Teacher now cause prevent learn benefit assume network.,,,,
test_step,487,,,,,Fire remain technology.,,,104,7,Beat natural money.,,,,
test_step,488,,,,,Site star girl.,,,153,6,Information some suddenly man meet cold.,,,,
test_step,489,,,,,White student interest catch.,,,14,9,Herself hope let resource.,,,,
test_step,490,,,,,Process car energy finish before.,,,10,8,Charge social of action.,,,,
test_step,491,,,,,Who address strong firm notice fill sell central.,,,16,1,Whose before pick six.,,,,
test_step,492,,,,,Family far resource can.,,,72,4,Field east tax tax industry.,,,,
test_step,493,,,,,Let war spend establish.,,,49,5,Last last heart consumer issue down to late.,,,,
test_step,494,,,,,Claim painting player party position same technology.,,,28,4,Audience tell west director.,,,,
test_step,495,,,,,Skin different subject.,,,80,5,Rise kind message grow most poor.,,,,
test_step,496,,,,,Stuff break smile itself.,,,15,5,Tax we its together level.,,,,
test_step,497,,,,,Fine base others home catch writer very.,,,71,10,Fight eight around challenge impact effort want.,,,,
test_step,498,,,,,Hospital painting thought own energy.,,,90,10,College perform clear heavy material.,,,,
test_step,499,,,,,Not scene federal bed impact strategy director.,,,177,2,Recent talk network about weight soldier card.,,,,
test_step,500,,,,,Goal whole style very during.,,,133,1,Expect action unit others citizen myself scientist.,,,,
test_result,1,,,,,,,,73,,,13,failed,2026-01-29T05:44:49,
test_result,2,,,,,,,,189,,,37,not_run,2026-01-29T10:09:02,Stage back result check white. Carry arrive would popular whole. Dog always increase.
test_result,3,,,,,,,,184,,,63,blocked,2026-03-04T14:55:05,Certainly later technology. Source style view dog society garden.
test_result,4,,,,,,,,24,,,3,failed,2026-01-08T13:28:49,
test_result,5,,,,,,,,113,,,36,not_run,2026-03-05T11:05:39,Old final cup rich. Last pick true north environmental.
test_result,6,,,,,,,,36,,,26,failed,2026-02-21T02:23:12,Mention color father attorney total see political fall. Style baby improve air task white.
test_result,7,,,,,,,,97,,,17,passed,2026-03-18T16:16:50,Trial up station perhaps. Human staff others determine fill send wind.
test_result,8,,,,,,,,125,,,76,blocked,2026-03-18T13:55:32,Turn writer hold. Itself mother thus guy.
test_result,9,,,,,,,,129,,,12,passed,2026-02-25T10:53:48,Necessary more laugh term town boy may. Carry sure weight up. Doctor ready give issue teach.
test_result,10,,,,,,,,150,,,98,passed,2026-02-08T08:32:28,
test_result,11,,,,,,,,93,,,25,blocked,2026-02-26T21:08:43,
test_result,12,,,,,,,,156,,,83,failed,2026-01-02T18:50:44,
test_result,13,,,,,,,,72,,,18,not_run,2026-01-28T09:14:25,
test_result,14,,,,,,,,79,,,2,not_run,2026-02-01T20:19:26,Bank six peace despite than wonder. Score religious table future.
test_result,15,,,,,,,,4,,,38,failed,2026-03-08T16:55:56,Three couple either even direction. Agree bank any price paper.
test_result,16,,,,,,,,83,,,95,blocked,2026-02-02T04:12:01,
test_result,17,,,,,,,,67,,,80,passed,2026-03-07T16:32:54,Situation five present investment for. Take nice help this easy. One author summer ago first.
test_result,18,,,,,,,,68,,,92,blocked,2026-03-27T05:33:13,
test_result,19,,,,,,,,13,,,53,passed,2026-02-08T01:44:26,
test_result,20,,,,,,,,199,,,27,blocked,2026-02-06T16:52:26,
test_result,21,,,,,,,,6,,,34,failed,2026-01-04T04:29:25,Late win necessary describe cold. Possible role follow.
test_result,22,,,,,,,,199,,,39,passed,2026-01-15T00:59:31,With focus party out do people rate idea. Build city number. Call guess property health.
test_result,23,,,,,,,,190,,,84,blocked,2026-02-11T21:44:15,Chance recognize wind. Likely total police out same scientist. Training interview model travel.
test_result,24,,,,,,,,61,,,70,not_run,2026-01-25T11:54:14,Letter whole important crime call quality prevent list. Control baby course garden possible throw.
test_result,25,,,,,,,,12,,,24,failed,2026-01-15T01:07:25,
test_result,26,,,,,,,,39,,,81,passed,2026-02-13T03:06:13,
test_result,27,,,,,,,,56,,,41,failed,2026-03-18T02:55:03,Tough give particularly choose herself especially rich million. Fast whether manager pay.
test_result,28,,,,,,,,88,,,70,not_run,2026-01-08T18:31:34,Long choice raise. Care why enter reflect peace.
test_result,29,,,,,,,,140,,,59,failed,2026-02-28T17:02:01,Them claim experience its bank. Institution alone white same. Than light imagine day despite fire.
test_result,30,,,,,,,,128,,,99,failed,2026-03-11T21:47:14,
test_result,31,,,,,,,,150,,,44,not_run,2026-02-16T16:28:41,Act price time feel word cold indeed. Last Republican computer training tree cover.
test_result,32,,,,,,,,127,,,3,failed,2026-02-03T19:43:50,
test_result,33,,,,,,,,161,,,83,failed,2026-03-12T10:27:44,Realize speech education thus. Coach letter reflect health capital.
test_result,34,,,,,,,,198,,,40,not_run,2026-02-17T07:38:08,Voice walk happy man. Friend my many call. Agreement case discussion teacher another.
test_result,35,,,,,,,,180,,,72,failed,2026-01-17T10:39:18,
test_result,36,,,,,,,,119,,,1,passed,2026-03-19T05:40:00,Stage operation positive side time. Weight son opportunity share PM.
test_result,37,,,,,,,,78,,,20,failed,2026-01-20T23:06:30,Stay bring cause take institution exactly. Have discover difference return car sure.
test_result,38,,,,,,,,164,,,56,not_run,2026-01-08T21:51:25,
test_result,39,,,,,,,,22,,,80,blocked,2026-03-21T02:58:24,Property you three when stock. Century center wear chance what. Which most carry opportunity past.
test_result,40,,,,,,,,189,,,20,failed,2026-02-03T10:12:07,Card partner anyone future point huge. Ready suffer goal enter goal certainly cup.
test_result,41,,,,,,,,121,,,38,failed,2026-01-09T10:28:24,Father he parent part open physical. Great investment season most compare station.
test_result,42,,,,,,,,68,,,62,blocked,2026-02-03T01:54:38,"Should for decade race couple born establish. Stand trade rest.
Better bring score college home."
test_result,43,,,,,,,,172,,,57,failed,2026-01-05T09:44:49,Front old plant time quickly newspaper minute. Save hair stand month.
test_result,44,,,,,,,,51,,,44,not_run,2026-02-12T17:56:53,
test_result,45,,,,,,,,28,,,14,blocked,2026-03-27T14:59:52,
test_result,46,,,,,,,,129,,,40,not_run,2026-01-10T15:24:18,Class dog wear my. The family then. Ground result wife play many.
test_result,47,,,,,,,,137,,,96,failed,2026-01-26T09:03:07,
test_result,48,,,,,,,,106,,,37,passed,2026-02-04T01:56:24,Own also individual scene scene case page. Agency factor media notice serve mother quickly.
test_result,49,,,,,,,,75,,,91,not_run,2026-01-24T12:43:48,Run station prepare sell. Care message century senior.
test_result,50,,,,,,,,29,,,12,passed,2026-02-01T18:42:18,
test_result,51,,,,,,,,25,,,60,passed,2026-01-15T01:41:46,Artist professor detail son argue system popular investment.
test_result,52,,,,,,,,132,,,56,passed,2026-03-17T21:50:34,Reason so though government drug. Example bill various begin build eat. Every level partner act.
test_result,53,,,,,,,,149,,,85,failed,2026-01-23T20:32:31,
test_result,54,,,,,,,,126,,,7,failed,2026-01-29T20:16:33,Under million appear lay. Company newspaper enter discuss growth night nor. Year trade manage.
test_result,55,,,,,,,,60,,,36,passed,2026-02-04T17:35:55,
test_result,56,,,,,,,,174,,,48,passed,2026-03-06T13:07:22,Around head send manage. Find send media Congress especially wrong trouble. Value heart speech.
test_result,57,,,,,,,,159,,,67,blocked,2026-02-11T11:01:39,Some senior serve order future. Future onto huge few various hear clearly.
test_result,58,,,,,,,,93,,,13,failed,2026-02-09T04:59:00,Party employee reflect. Decision effect decision care. Bit staff technology control.
test_result,59,,,,,,,,107,,,11,passed,2026-04-02T10:29:20,
test_result,60,,,,,,,,54,,,24,blocked,2026-02-25T00:09:47,Both account officer. Popular total job worry song money. Soldier tree from meet sea Congress.
test_result,61,,,,,,,,140,,,35,blocked,2026-01-04T05:13:58,
test_result,62,,,,,,,,56,,,68,passed,2026-02-15T09:27:12,
test_result,63,,,,,,,,106,,,41,failed,2026-03-16T19:59:28,Game home sport present those phone. Positive police recognize majority within include represent.
test_result,64,,,,,,,,182,,,76,not_run,2026-03-31T19:37:29,So note discuss popular. Purpose behind treat recent.
test_result,65,,,,,,,,73,,,89,not_run,2026-02-08T03:22:01,Piece nothing soldier another claim.
test_result,66,,,,,,,,23,,,80,passed,2026-03-16T19:05:26,
test_result,67,,,,,,,,157,,,16,passed,2026-03-30T03:17:24,
test_result,68,,,,,,,,149,,,85,passed,2026-02-25T17:22:32,
test_result,69,,,,,,,,87,,,52,not_run,2026-03-12T16:35:52,
test_result,70,,,,,,,,69,,,5,not_run,2026-03-22T15:55:48,
test_result,71,,,,,,,,195,,,19,passed,2026-03-10T04:09:46,
test_result,72,,,,,,,,94,,,56,blocked,2026-01-15T08:52:49,
test_result,73,,,,,,,,118,,,41,blocked,2026-02-11T05:19:11,
test_result,74,,,,,,,,123,,,84,passed,2026-03-01T20:22:23,Hope product long leave public pass single. Own spend drug role if. Send step others month future.
test_result,75,,,,,,,,139,,,32,failed,2026-03-26T12:04:17,
test_result,76,,,,,,,,135,,,94,not_run,2026-02-08T14:12:28,
test_result,77,,,,,,,,100,,,64,blocked,2026-03-01T18:25:41,
test_result,78,,,,,,,,66,,,43,blocked,2026-03-01T22:44:37,
test_result,79,,,,,,,,131,,,67,passed,2026-02-04T19:17:32,Discussion meeting five seem man boy term program.
test_result,80,,,,,,,,72,,,93,blocked,2026-02-09T10:25:42,
test_result,81,,,,,,,,137,,,43,not_run,2026-03-02T20:58:56,Career fact magazine statement executive. Treat indeed fire. Who raise nature risk million.
test_result,82,,,,,,,,144,,,6,not_run,2026-01-22T07:58:27,
test_result,83,,,,,,,,74,,,65,passed,2026-01-24T00:46:37,Card result notice under clear stock. Mission rock become Republican send oil.
test_result,84,,,,,,,,130,,,64,failed,2026-03-26T11:14:02,
test_result,85,,,,,,,,183,,,98,failed,2026-03-08T07:05:50,Stuff throughout maintain time. Social action want recently.
test_result,86,,,,,,,,174,,,31,failed,2026-03-17T03:53:06,Thus right sort history line trade. Dinner really offer political democratic painting.
test_result,87,,,,,,,,187,,,2,failed,2026-02-20T17:52:07,
test_result,88,,,,,,,,122,,,83,failed,2026-01-02T18:37:35,
test_result,89,,,,,,,,162,,,94,not_run,2026-03-03T03:50:54,
test_result,90,,,,,,,,121,,,91,not_run,2026-02-10T12:10:21,
test_result,91,,,,,,,,73,,,76,not_run,2026-01-05T13:44:13,Recognize company majority none choose. Ahead after agree our feel education stand.
test_result,92,,,,,,,,187,,,43,blocked,2026-01-02T16:12:07,Pattern item care plan gun role likely long. Former measure purpose strategy movement without down.
test_result,93,,,,,,,,39,,,76,failed,2026-03-07T05:40:44,
test_result,94,,,,,,,,135,,,60,not_run,2026-01-24T09:31:43,Again number realize down walk. Mission course month each if cup television statement.
test_result,95,,,,,,,,36,,,56,passed,2026-02-13T00:45:25,Story value nation beat make. Continue all score able seven. Model discover play.
test_result,96,,,,,,,,158,,,2,not_run,2026-04-01T04:01:09,Any nor find. Industry popular make might trouble soon. Contain detail again last score.
test_result,97,,,,,,,,146,,,98,blocked,2026-03-06T17:46:34,Big white assume style type city. Role concern recognize air economic itself wonder smile.
test_result,98,,,,,,,,128,,,8,blocked,2026-02-27T22:48:11,
test_result,99,,,,,,,,31,,,76,failed,2026-03-24T14:53:05,
test_result,100,,,,,,,,123,,,96,not_run,2026-02-12T09:53:26,
test_result,101,,,,,,,,25,,,15,not_run,2026-01-11T09:16:06,
test_result,102,,,,,,,,24,,,18,passed,2026-02-01T13:55:14,Prevent sort century minute stage give parent. Suffer table also during.
test_result,103,,,,,,,,74,,,29,not_run,2026-02-16T21:59:37,
test_result,104,,,,,,,,82,,,47,not_run,2026-03-06T13:21:57,Establish several into during explain large drive. People ball exactly same. Would seek mean.
test_result,105,,,,,,,,1,,,80,not_run,2026-03-26T10:31:34,Himself change some. Role former middle toward white number myself. So give various.
test_result,106,,,,,,,,155,,,56,blocked,2026-01-12T11:52:10,
test_result,107,,,,,,,,198,,,36,blocked,2026-01-04T16:58:02,Between black house power. Ball determine story everyone. Force clear instead keep.
test_result,108,,,,,,,,128,,,88,failed,2026-02-12T09:24:39,Mind cell budget. Choice day kitchen whether. Green believe sure exactly financial.
test_result,109,,,,,,,,30,,,96,passed,2026-03-11T16:29:12,Amount specific right. Last culture speech policy charge current.
test_result,110,,,,,,,,172,,,63,passed,2026-01-16T02:45:21,Company deal ever my star. Night remember brother. A add street available role.
test_result,111,,,,,,,,160,,,13,blocked,2026-01-09T08:37:02,
test_result,112,,,,,,,,72,,,24,passed,2026-02-01T10:43:34,Tough war never skill best since sell.
test_result,113,,,,,,,,162,,,3,not_run,2026-04-01T23:57:00,
test_result,114,,,,,,,,195,,,4,blocked,2026-01-29T06:14:42,
test_result,115,,,,,,,,78,,,36,blocked,2026-01-15T03:31:42,A style civil order. Be feeling including whether despite recognize degree point.
test_result,116,,,,,,,,20,,,84,passed,2026-03-13T03:51:34,
test_result,117,,,,,,,,164,,,98,failed,2026-02-24T17:33:47,
test_result,118,,,,,,,,55,,,6,blocked,2026-02-07T09:10:58,
test_result,119,,,,,,,,145,,,78,not_run,2026-01-06T21:35:32,Number mother positive small company glass. Detail could me staff respond.
test_result,120,,,,,,,,25,,,90,failed,2026-01-13T23:42:42,Mission charge focus green responsibility will source land.
test_result,121,,,,,,,,13,,,90,passed,2026-01-17T02:57:19,National ball court compare class third act.
test_result,122,,,,,,,,76,,,68,passed,2026-03-09T06:32:53,World response process discover officer.
test_result,123,,,,,,,,158,,,64,passed,2026-02-18T11:15:18,Occur list member national. Expect operation hope sell commercial.
test_result,124,,,,,,,,115,,,13,blocked,2026-03-20T20:10:19,Together into reach understand discover official father upon. Mrs year almost man.
test_result,125,,,,,,,,67,,,86,blocked,2026-02-23T19:55:28,High open admit remain. Learn voice see medical us clearly.
test_result,126,,,,,,,,109,,,13,passed,2026-01-09T19:47:50,Service thank PM. Field it us. Spend determine produce cold community land art.
test_result,127,,,,,,,,24,,,78,blocked,2026-02-18T05:11:45,Treat do seat employee ability. Political full him threat. Include pass billion important foreign.
test_result,128,,,,,,,,124,,,20,passed,2026-02-11T04:35:37,I I street make near skin law. Surface shoulder take car social. Good camera foreign.
test_result,129,,,,,,,,170,,,3,failed,2026-04-01T20:00:41,Throughout want ever majority finally get.
test_result,130,,,,,,,,197,,,38,failed,2026-03-22T06:45:05,
test_result,131,,,,,,,,58,,,49,not_run,2026-03-22T00:41:07,Time out free consider. Chance matter plan themselves.
test_result,132,,,,,,,,129,,,57,not_run,2026-03-04T23:23:34,Community play present. Brother onto TV world perform fall. Common clearly thank course hope.
test_result,133,,,,,,,,25,,,65,blocked,2026-03-29T14:53:03,Would safe west one street. Despite together market actually buy nor. Nearly many practice seven.
test_result,134,,,,,,,,155,,,53,passed,2026-03-28T08:42:25,
test_result,135,,,,,,,,81,,,52,blocked,2026-03-11T10:16:27,
test_result,136,,,,,,,,148,,,47,not_run,2026-02-08T22:22:43,His player half pay half.
test_result,137,,,,,,,,57,,,62,passed,2026-01-07T02:33:32,Foot low painting. Finish economy clear.
test_result,138,,,,,,,,148,,,44,not_run,2026-02-28T06:48:08,
test_result,139,,,,,,,,103,,,81,not_run,2026-01-15T18:18:39,Team war low during. Reach hit event probably career forget.
test_result,140,,,,,,,,88,,,85,blocked,2026-03-26T20:13:11,Time product claim section probably less sign. Hundred world range happen visit.
test_result,141,,,,,,,,138,,,45,not_run,2026-02-07T00:12:08,
test_result,142,,,,,,,,73,,,39,blocked,2026-01-20T19:47:43,Speak middle trade perhaps else hold now. Several never last ability strategy partner.
test_result,143,,,,,,,,166,,,15,not_run,2026-02-10T18:09:21,
test_result,144,,,,,,,,189,,,9,not_run,2026-01-27T23:40:02,Threat image bar admit. After office example network.
test_result,145,,,,,,,,35,,,61,passed,2026-03-05T00:07:39,
test_result,146,,,,,,,,70,,,31,failed,2026-01-13T20:33:14,
test_result,147,,,,,,,,95,,,52,not_run,2026-02-16T03:43:06,Rise consider relate reach remain decade process. Current all situation almost.
test_result,148,,,,,,,,131,,,72,failed,2026-03-19T21:09:29,Accept stand wear military.
test_result,149,,,,,,,,42,,,96,blocked,2026-04-02T11:03:11,
test_result,150,,,,,,,,132,,,27,failed,2026-03-16T17:16:27,
test_result,151,,,,,,,,146,,,39,passed,2026-02-28T13:23:49,
test_result,152,,,,,,,,21,,,16,passed,2026-02-16T19:44:20,
test_result,153,,,,,,,,27,,,17,failed,2026-03-20T14:29:05,Sell often want.
test_result,154,,,,,,,,62,,,64,blocked,2026-01-28T20:57:12,Or today understand. Full wall business attorney low.
test_result,155,,,,,,,,88,,,22,passed,2026-03-26T02:42:23,Down standard increase receive management claim. One role any whole bar.
test_result,156,,,,,,,,83,,,86,failed,2026-02-18T00:09:41,Third style toward need. Social center better teacher laugh trouble.
test_result,157,,,,,,,,116,,,11,blocked,2026-02-18T17:54:43,
test_result,158,,,,,,,,69,,,47,blocked,2026-03-14T03:47:20,
test_result,159,,,,,,,,60,,,62,failed,2026-01-23T07:36:13,
test_result,160,,,,,,,,28,,,5,not_run,2026-01-11T09:41:34,"Trip early indicate. General each by what.
Occur late week manage. Blood early his relationship."
test_result,161,,,,,,,,191,,,50,not_run,2026-01-02T05:15:43,
test_result,162,,,,,,,,199,,,44,not_run,2026-03-15T04:17:37,Save agree born including avoid I role expect. Deep inside student ability break main.
test_result,163,,,,,,,,188,,,49,blocked,2026-01-22T18:50:31,Could there old book. Stand office eight current machine. Drop ok loss wear.
test_result,164,,,,,,,,45,,,7,failed,2026-03-03T05:31:43,Rock ok under nothing. Her live candidate three.
test_result,165,,,,,,,,178,,,70,not_run,2026-02-18T21:56:55,Day reality size family. Picture change left everything reveal.
test_result,166,,,,,,,,185,,,42,passed,2026-01-06T07:23:26,
test_result,167,,,,,,,,120,,,20,not_run,2026-01-04T02:02:38,
test_result,168,,,,,,,,180,,,94,passed,2026-03-28T11:53:50,"Yard north free plan.
Buy population responsibility east."
test_result,169,,,,,,,,9,,,60,passed,2026-03-11T19:29:17,Space help any. Water budget buy me speak area moment central. Level onto shoulder author.
test_result,170,,,,,,,,73,,,87,not_run,2026-04-02T19:59:46,Along against bad bad phone large.
test_result,171,,,,,,,,70,,,13,not_run,2026-03-06T08:44:58,Mr hospital culture. Each car collection as there guess. Someone life court own alone animal plant.
test_result,172,,,,,,,,147,,,95,failed,2026-03-14T15:01:59,
test_result,173,,,,,,,,44,,,49,blocked,2026-01-01T10:26:22,Line wear daughter good much. Hair old suggest large.
test_result,174,,,,,,,,121,,,42,failed,2026-01-19T13:17:55,Son only situation finally result first. Body number smile really morning great chair.
test_result,175,,,,,,,,34,,,43,not_run,2026-01-01T06:08:50,Remember water hotel back. Available stop current attention concern mind.
test_result,176,,,,,,,,87,,,42,blocked,2026-03-15T14:12:03,Land bad store show character. Idea per clear. Admit risk field phone law single.
test_result,177,,,,,,,,81,,,47,not_run,2026-02-25T15:02:57,
test_result,178,,,,,,,,6,,,95,not_run,2026-02-04T01:55:15,
test_result,179,,,,,,,,92,,,64,not_run,2026-01-09T06:11:36,Car condition interview quickly later. Quite low exist travel save note visit.
test_result,180,,,,,,,,40,,,97,failed,2026-03-20T21:52:22,
test_result,181,,,,,,,,21,,,83,blocked,2026-02-17T20:47:31,Begin mention body process history report. Bar avoid live event career face. Even Congress ball.
test_result,182,,,,,,,,47,,,8,failed,2026-02-04T10:50:58,
test_result,183,,,,,,,,4,,,60,passed,2026-03-14T17:18:43,And traditional mission country enough player. I dark public administration.
test_result,184,,,,,,,,83,,,79,passed,2026-02-08T10:39:16,
test_result,185,,,,,,,,134,,,82,failed,2026-01-19T04:44:06,Structure central door close.
test_result,186,,,,,,,,29,,,70,not_run,2026-01-09T03:33:10,
test_result,187,,,,,,,,193,,,40,not_run,2026-03-25T00:10:11,
test_result,188,,,,,,,,176,,,36,passed,2026-02-15T23:19:32,
test_result,189,,,,,,,,75,,,39,not_run,2026-02-22T02:25:24,Physical green before tree. Then natural from. Mission guess high key.
test_result,190,,,,,,,,191,,,30,failed,2026-02-24T16:07:38,
test_result,191,,,,,,,,85,,,58,blocked,2026-03-27T12:05:15,
test_result,192,,,,,,,,170,,,75,not_run,2026-03-15T03:27:21,Show month reflect will. Throughout catch firm.
test_result,193,,,,,,,,86,,,60,passed,2026-02-27T16:38:38,Try participant meeting. From fear forget order couple tend. Away mind family arrive.
test_result,194,,,,,,,,62,,,59,passed,2026-02-06T10:30:37,
test_result,195,,,,,,,,134,,,74,blocked,2026-02-10T01:57:02,
test_result,196,,,,,,,,65,,,83,blocked,2026-01-21T18:14:29,Through weight discuss chance go. Why among suggest however.
test_result,197,,,,,,,,67,,,5,not_run,2026-01-21T03:22:44,
test_result,198,,,,,,,,95,,,7,not_run,2026-01-03T23:59:14,Join shake tree hard may system. Ready visit raise half. Ready people system.
test_result,199,,,,,,,,140,,,5,passed,2026-02-01T00:16:10,Wish be responsibility media trouble exist decision. Sea site standard.
test_result,200,,,,,,,,132,,,13,failed,2026-03-01T01:37:12,
test_result,201,,,,,,,,21,,,21,failed,2026-02-14T18:05:31,Enjoy open drug everybody ever audience bring. Raise available what as run.
test_result,202,,,,,,,,12,,,51,not_run,2026-01-14T02:55:24,
test_result,203,,,,,,,,64,,,79,passed,2026-03-21T02:33:11,Mrs inside new name arrive. Fly statement home figure he public.
test_result,204,,,,,,,,31,,,26,blocked,2026-04-03T03:06:27,Reduce wrong word idea stage few rise. Before store peace hard offer simple.
test_result,205,,,,,,,,20,,,93,not_run,2026-02-04T01:12:37,Measure simply write same. Her administration front though piece. Around available group him.
test_result,206,,,,,,,,8,,,31,failed,2026-02-27T04:33:15,
test_result,207,,,,,,,,18,,,73,failed,2026-03-06T17:17:36,
test_result,208,,,,,,,,37,,,3,passed,2026-02-09T16:41:47,Issue dinner sure paper. Scene series build still important.
test_result,209,,,,,,,,172,,,5,failed,2026-01-22T03:25:31,Relate action cost kitchen moment economy. Within marriage official which.
test_result,210,,,,,,,,17,,,88,not_run,2026-02-14T11:17:35,
test_result,211,,,,,,,,138,,,90,not_run,2026-01-15T20:57:33,
test_result,212,,,,,,,,84,,,85,failed,2026-02-14T23:59:30,What goal meet music. Education trouble my about hair.
test_result,213,,,,,,,,129,,,48,not_run,2026-03-24T23:47:54,
test_result,214,,,,,,,,26,,,94,blocked,2026-01-12T19:14:20,Foot drive him course. Determine friend unit after.
test_result,215,,,,,,,,13,,,44,failed,2026-02-18T02:29:45,
test_result,216,,,,,,,,187,,,70,not_run,2026-01-23T14:26:03,
test_result,217,,,,,,,,60,,,31,failed,2026-01-06T00:03:35,
test_result,218,,,,,,,,84,,,19,blocked,2026-01-01T10:57:06,Market finish career democratic safe daughter your. Store pass official federal.
test_result,219,,,,,,,,156,,,38,failed,2026-03-26T00:54:56,Include grow so people cold wish central. Cut they serious every bank purpose operation.
test_result,220,,,,,,,,13,,,89,not_run,2026-02-27T01:04:54,
test_result,221,,,,,,,,74,,,87,passed,2026-03-13T00:26:32,Appear front wonder least former hit.
test_result,222,,,,,,,,184,,,80,failed,2026-03-19T00:11:54,
test_result,223,,,,,,,,171,,,39,not_run,2026-03-08T22:36:28,Son hospital difference way. Without yard real join traditional federal culture.
test_result,224,,,,,,,,193,,,50,blocked,2026-01-24T13:08:22,
test_result,225,,,,,,,,73,,,96,failed,2026-03-01T08:17:17,
test_result,226,,,,,,,,37,,,43,blocked,2026-03-27T09:57:56,
test_result,227,,,,,,,,16,,,83,passed,2026-02-13T09:21:31,Painting option almost read. Loss office financial see fish. Also among together second race same.
test_result,228,,,,,,,,138,,,27,blocked,2026-03-05T21:19:27,Loss deal together whose while standard cultural.
test_result,229,,,,,,,,81,,,95,not_run,2026-01-07T04:23:29,Price film allow media. Hot art everyone president. Letter interview soldier purpose.
test_result,230,,,,,,,,33,,,35,blocked,2026-03-15T20:56:36,
test_result,231,,,,,,,,118,,,12,not_run,2026-03-13T03:36:33,
test_result,232,,,,,,,,130,,,13,passed,2026-02-18T16:42:03,
test_result,233,,,,,,,,180,,,48,blocked,2026-01-31T23:51:19,
test_result,234,,,,,,,,114,,,39,failed,2026-01-04T22:17:23,
test_result,235,,,,,,,,54,,,76,not_run,2026-01-30T15:12:01,Hear would character. Walk film itself responsibility.
test_result,236,,,,,,,,71,,,15,blocked,2026-04-03T21:33:10,Account spend continue difficult audience agency address. Condition these my I discuss.
test_result,237,,,,,,,,70,,,53,failed,2026-01-11T09:08:59,Boy ball southern. Herself politics wife prove window growth.
test_result,238,,,,,,,,138,,,93,failed,2026-02-23T05:41:17,Itself type system them else step source. Agree southern adult hair civil use trip card.
test_result,239,,,,,,,,153,,,65,blocked,2026-01-10T07:35:44,
test_result,240,,,,,,,,140,,,56,not_run,2026-02-15T04:01:03,
test_result,241,,,,,,,,25,,,54,not_run,2026-01-12T23:10:04,Technology price manager prepare your question. Act well director laugh too.
test_result,242,,,,,,,,153,,,27,passed,2026-03-28T04:49:06,Avoid manage manager happy nothing. Magazine experience class idea central. Sort thought seem beat.
test_result,243,,,,,,,,17,,,15,not_run,2026-01-22T21:50:03,Think provide why newspaper computer structure answer. Month wall between measure.
test_result,244,,,,,,,,10,,,52,failed,2026-03-09T07:01:28,
test_result,245,,,,,,,,180,,,55,blocked,2026-01-17T13:36:04,Over system allow natural long car last. Assume choice civil its prepare late.
test_result,246,,,,,,,,169,,,62,passed,2026-01-03T02:46:09,Prepare require thank. Everybody fall fine crime own anyone why.
test_result,247,,,,,,,,180,,,79,not_run,2026-01-01T13:35:20,
test_result,248,,,,,,,,152,,,1,failed,2026-02-24T08:22:54,
test_result,249,,,,,,,,31,,,29,not_run,2026-01-08T13:06:25,Remember painting amount later.
test_result,250,,,,,,,,81,,,91,passed,2026-01-29T06:07:27,Ball rate wife. Way prove brother car. Pay right college talk.
test_result,251,,,,,,,,184,,,39,blocked,2026-03-16T13:44:05,
test_result,252,,,,,,,,36,,,88,blocked,2026-03-15T02:09:27,Add police method report. Threat bill situation stock east. Serve nor nearly other.
test_result,253,,,,,,,,132,,,15,passed,2026-02-18T11:56:34,Travel guess beat career PM you. Notice recent dinner wife art pass talk.
test_result,254,,,,,,,,29,,,100,failed,2026-01-27T22:38:28,
test_result,255,,,,,,,,119,,,78,failed,2026-01-10T08:44:24,Simply radio theory them. Political list none great building. Onto big receive stage key put.
test_result,256,,,,,,,,139,,,12,blocked,2026-02-23T00:47:27,
test_result,257,,,,,,,,145,,,8,failed,2026-02-14T08:19:30,Edge prepare later table change lay no structure. Create fire amount mind already long.
test_result,258,,,,,,,,37,,,12,passed,2026-02-06T14:26:29,
test_result,259,,,,,,,,169,,,12,passed,2026-02-05T03:28:44,
test_result,260,,,,,,,,139,,,93,not_run,2026-03-28T18:29:27,
test_result,261,,,,,,,,18,,,10,passed,2026-01-01T22:59:03,
test_result,262,,,,,,,,173,,,47,blocked,2026-02-12T10:58:27,Protect argue television early meet structure. Decade purpose list other.
test_result,263,,,,,,,,83,,,72,failed,2026-02-12T09:28:04,
test_result,264,,,,,,,,148,,,23,failed,2026-02-18T09:44:34,
test_result,265,,,,,,,,63,,,91,blocked,2026-03-16T07:58:03,He marriage structure rate Mrs. Ball tell season involve personal of.
test_result,266,,,,,,,,62,,,23,not_run,2026-02-08T06:23:49,Data apply agree will let popular art. Movement mouth practice recognize growth because fire.
test_result,267,,,,,,,,166,,,6,blocked,2026-03-22T05:05:05,
test_result,268,,,,,,,,60,,,5,not_run,2026-03-20T22:06:46,I easy sell much audience old. Help of eight need consumer answer.
test_result,269,,,,,,,,97,,,84,not_run,2026-02-18T15:10:03,
test_result,270,,,,,,,,147,,,48,passed,2026-03-01T13:34:06,
test_result,271,,,,,,,,145,,,97,failed,2026-04-02T12:19:52,Hard news give until Democrat give here. Land reality force stay scientist.
test_result,272,,,,,,,,183,,,20,not_run,2026-01-09T00:55:08,
test_result,273,,,,,,,,55,,,75,not_run,2026-01-11T16:03:30,Theory edge once sense will. Will nothing song understand scientist avoid yourself.
test_result,274,,,,,,,,40,,,80,not_run,2026-03-12T22:38:57,Source leg least explain just speak. Rest be note none test pattern.
test_result,275,,,,,,,,31,,,70,failed,2026-01-08T10:54:03,Dog serious most clearly item build that down. Police above finally better arrive.
test_result,276,,,,,,,,27,,,45,not_run,2026-03-24T17:27:13,
test_result,277,,,,,,,,111,,,32,passed,2026-03-03T11:10:52,Recently speak become cost nature strong. Industry several pretty democratic five career.
test_result,278,,,,,,,,137,,,11,failed,2026-02-03T23:06:56,Model so big generation much. Want week range alone. Hair participant store woman suddenly.
test_result,279,,,,,,,,7,,,35,blocked,2026-01-26T12:16:00,
test_result,280,,,,,,,,151,,,44,not_run,2026-03-27T07:21:08,First some daughter because. Fire station apply long.
test_result,281,,,,,,,,16,,,7,blocked,2026-03-04T06:42:56,Truth surface would really north job story. Recent analysis base people firm serious none may.
test_result,282,,,,,,,,131,,,78,blocked,2026-01-09T04:36:38,
test_result,283,,,,,,,,140,,,61,blocked,2026-04-01T01:56:15,Land eat affect sell. Identify government analysis challenge accept.
test_result,284,,,,,,,,46,,,13,blocked,2026-03-12T13:00:07,
test_result,285,,,,,,,,50,,,79,not_run,2026-02-17T06:45:37,Increase just nation director growth yourself. Space describe not chair finish war heavy.
test_result,286,,,,,,,,135,,,66,blocked,2026-03-08T17:38:17,Hospital room I short final. Many beat front area value enter. Air tend outside media.
test_result,287,,,,,,,,119,,,77,failed,2026-03-13T14:24:18,Perhaps cut physical month.
test_result,288,,,,,,,,19,,,4,not_run,2026-03-09T03:44:52,Night check whole middle position book commercial. Staff including Democrat decision itself lawyer.
test_result,289,,,,,,,,130,,,94,blocked,2026-03-03T07:03:25,Unit plant guess letter develop ago several chance. Box piece nothing talk difference understand.
test_result,290,,,,,,,,97,,,29,failed,2026-03-09T02:57:29,Wife find market job budget. Skill chair federal whether form.
test_result,291,,,,,,,,91,,,54,not_run,2026-02-24T13:10:26,Edge after investment soldier modern PM. Condition series specific source.
test_result,292,,,,,,,,31,,,8,not_run,2026-01-16T16:46:47,Low go chance. Southern buy off treatment cause traditional ball. Trade daughter member.
test_result,293,,,,,,,,171,,,84,not_run,2026-02-07T21:56:01,
test_result,294,,,,,,,,89,,,18,passed,2026-03-04T02:08:54,
test_result,295,,,,,,,,156,,,53,failed,2026-03-15T08:19:43,
test_result,296,,,,,,,,80,,,66,failed,2026-03-21T16:33:22,"Property future too again. Eye thing ask region.
Explain market reduce level first. Begin seem day."
test_result,297,,,,,,,,22,,,94,blocked,2026-03-21T00:06:23,New seek ask no glass. Get life media truth admit production. Same phone field country.
test_result,298,,,,,,,,121,,,3,passed,2026-03-28T09:55:18,Show radio party couple. Wall our meet. Teacher wall door condition.
test_result,299,,,,,,,,112,,,14,passed,2026-03-25T11:38:23,
test_result,300,,,,,,,,35,,,4,passed,2026-03-16T16:40:53,Suffer shake hot clear. Not past statement attention science. Stock those assume unit.
test_result,301,,,,,,,,74,,,7,not_run,2026-01-28T18:49:39,My from along happen every consider. Vote share baby have size fire nearly.
test_result,302,,,,,,,,180,,,48,passed,2026-03-14T21:46:19,
test_result,303,,,,,,,,139,,,27,failed,2026-01-14T03:37:03,
test_result,304,,,,,,,,136,,,35,passed,2026-02-08T18:11:04,
test_result,305,,,,,,,,43,,,68,failed,2026-02-25T09:20:20,"Painting area production. And environmental include.
Because who quality hour."
test_result,306,,,,,,,,26,,,26,failed,2026-01-04T02:57:29,
test_result,307,,,,,,,,134,,,28,passed,2026-03-19T00:00:30,Process among sport accept stop. Challenge every more century daughter effect.
test_result,308,,,,,,,,173,,,13,failed,2026-01-12T18:52:01,Of today within over money war wrong arm. Close benefit simple someone church.
test_result,309,,,,,,,,160,,,90,not_run,2026-01-28T13:00:03,
test_result,310,,,,,,,,19,,,62,blocked,2026-03-12T23:12:24,Time because talk position. Although chair field which reason.
test_result,311,,,,,,,,10,,,69,passed,2026-01-18T19:46:26,
test_result,312,,,,,,,,104,,,25,blocked,2026-01-15T04:12:39,Reflect focus glass well. Happy power part around.
test_result,313,,,,,,,,44,,,26,blocked,2026-03-14T23:44:02,
test_result,314,,,,,,,,109,,,47,blocked,2026-01-10T05:59:18,
test_result,315,,,,,,,,186,,,80,not_run,2026-02-11T05:07:30,Watch beyond energy. Remain image everyone within with.
test_result,316,,,,,,,,176,,,36,passed,2026-02-06T21:10:59,
test_result,317,,,,,,,,60,,,46,blocked,2026-01-11T04:22:20,Several college help turn around small guess. Above federal film.
test_result,318,,,,,,,,65,,,33,passed,2026-02-26T00:45:27,
test_result,319,,,,,,,,75,,,85,passed,2026-01-18T02:47:06,
test_result,320,,,,,,,,23,,,18,blocked,2026-03-06T16:55:22,Discussion today moment human. Stock policy population hair magazine.
test_result,321,,,,,,,,52,,,39,blocked,2026-01-20T06:03:05,
test_result,322,,,,,,,,3,,,36,not_run,2026-02-05T17:09:56,
test_result,323,,,,,,,,51,,,10,passed,2026-01-07T04:31:03,Hundred bill ability stay billion husband. Half at involve Mrs wish morning.
test_result,324,,,,,,,,110,,,59,passed,2026-01-16T05:08:13,Say research full third tree newspaper what. Box debate heart sound alone probably western while.
test_result,325,,,,,,,,61,,,38,failed,2026-01-20T17:15:55,
test_result,326,,,,,,,,140,,,5,failed,2026-02-09T15:33:42,Ago today six east civil. Media age whatever knowledge deep anyone hold.
test_result,327,,,,,,,,171,,,50,not_run,2026-03-22T18:34:34,Strategy year vote. Cut leader life evidence around mean determine.
test_result,328,,,,,,,,194,,,2,blocked,2026-02-22T16:32:58,
test_result,329,,,,,,,,67,,,52,failed,2026-01-29T18:03:59,
test_result,330,,,,,,,,67,,,51,passed,2026-03-04T02:35:15,
test_result,331,,,,,,,,170,,,40,not_run,2026-01-12T03:03:10,Feeling alone indeed. Wear whose his Democrat. Budget personal meeting.
test_result,332,,,,,,,,18,,,25,failed,2026-01-26T20:48:55,Item hour page participant ground.
test_result,333,,,,,,,,167,,,22,failed,2026-02-27T02:36:29,Economy arrive product television short course.
test_result,334,,,,,,,,64,,,14,blocked,2026-02-16T00:52:14,Sister boy later from choice by name. Mean same hold better seven important population.
test_result,335,,,,,,,,60,,,5,blocked,2026-01-02T07:55:08,Accept than ok someone respond what. Whole social wife Mrs finish deal.
test_result,336,,,,,,,,125,,,37,passed,2026-02-26T12:10:22,Month expect suffer care store. Home better need sure. Machine since wait interview low.
test_result,337,,,,,,,,118,,,68,not_run,2026-01-25T01:21:51,Rate front beautiful Republican whole. No crime imagine whole too every.
test_result,338,,,,,,,,17,,,36,blocked,2026-02-17T20:03:34,So look wonder question. Appear career front alone for. See police class.
test_result,339,,,,,,,,172,,,72,failed,2026-02-09T23:32:17,
test_result,340,,,,,,,,135,,,91,not_run,2026-01-01T16:30:35,
test_result,341,,,,,,,,164,,,20,not_run,2026-03-22T15:12:14,Government sister force middle you civil job yourself. Road behind agent major.
test_result,342,,,,,,,,37,,,90,not_run,2026-02-14T11:30:24,Family fire option number section leader. Figure experience story artist. Great much painting.
test_result,343,,,,,,,,188,,,3,failed,2026-02-27T07:50:54,
test_result,344,,,,,,,,182,,,31,passed,2026-01-01T00:39:45,Report our nothing range. Far five reflect class exist.
test_result,345,,,,,,,,24,,,42,passed,2026-01-08T22:30:51,
test_result,346,,,,,,,,165,,,14,failed,2026-03-19T02:31:39,Information interesting learn interview company. Nice why but ready. Benefit deep down father.
test_result,347,,,,,,,,15,,,48,blocked,2026-03-13T13:28:10,Same grow just sit weight develop. Into coach leave. Prepare camera order room listen.
test_result,348,,,,,,,,38,,,86,blocked,2026-02-24T20:27:48,
test_result,349,,,,,,,,57,,,39,failed,2026-01-31T16:52:49,
test_result,350,,,,,,,,55,,,26,not_run,2026-02-23T18:02:35,
test_result,351,,,,,,,,65,,,35,passed,2026-01-26T08:38:28,
test_result,352,,,,,,,,194,,,45,not_run,2026-01-05T23:26:33,Class relate nearly help himself. Within pass win red visit animal. Fill happen us small training.
test_result,353,,,,,,,,151,,,59,passed,2026-02-22T08:34:43,Someone nor improve decision baby. Figure big medical agent.
test_result,354,,,,,,,,26,,,27,passed,2026-03-02T21:51:32,Check wall appear force respond.
test_result,355,,,,,,,,170,,,59,passed,2026-01-26T13:16:17,College during structure bit late. East space rather night what. Computer several reach also race.
test_result,356,,,,,,,,149,,,12,passed,2026-01-01T03:11:23,Glass choose effort very everything mind instead. Leader finish yard point.
test_result,357,,,,,,,,190,,,77,blocked,2026-01-29T05:51:27,
test_result,358,,,,,,,,57,,,22,passed,2026-03-29T03:31:07,
test_result,359,,,,,,,,180,,,26,not_run,2026-02-08T19:54:33,
test_result,360,,,,,,,,33,,,42,blocked,2026-03-07T05:13:54,Usually movement possible paper. Discuss training edge everything.
test_result,361,,,,,,,,185,,,61,failed,2026-02-26T11:54:30,Cause role reflect wear. Its hour little according girl financial field.
test_result,362,,,,,,,,92,,,26,passed,2026-02-11T07:59:52,College yet sea degree ready. Name career girl decision town impact. Form so at.
test_result,363,,,,,,,,162,,,51,blocked,2026-02-20T01:35:36,Question alone these. Born personal data early each. Majority term weight.
test_result,364,,,,,,,,114,,,42,blocked,2026-02-26T14:31:07,
test_result,365,,,,,,,,186,,,80,not_run,2026-02-28T12:24:21,Open evening represent several only. Result information apply war old career.
test_result,366,,,,,,,,69,,,52,passed,2026-03-06T04:36:26,
test_result,367,,,,,,,,38,,,2,blocked,2026-02-07T10:47:55,
test_result,368,,,,,,,,176,,,26,blocked,2026-02-16T18:21:07,Strategy study soldier wish smile field. Couple beyond hear.
test_result,369,,,,,,,,139,,,24,not_run,2026-01-06T21:27:09,
test_result,370,,,,,,,,99,,,68,failed,2026-01-09T23:43:23,
test_result,371,,,,,,,,195,,,100,blocked,2026-01-11T11:34:07,
test_result,372,,,,,,,,84,,,77,failed,2026-03-09T09:55:45,Individual soon new police seven skill learn four. Story bag in a challenge side human.
test_result,373,,,,,,,,125,,,3,passed,2026-01-02T16:53:28,Control mission professional number.
test_result,374,,,,,,,,74,,,4,blocked,2026-03-15T15:00:23,
test_result,375,,,,,,,,111,,,79,not_run,2026-01-27T05:09:40,Gun indeed heavy blue wrong its. More prepare support form natural prove.
test_result,376,,,,,,,,177,,,5,blocked,2026-03-02T17:18:05,
test_result,377,,,,,,,,1,,,23,blocked,2026-02-01T00:57:38,
test_result,378,,,,,,,,80,,,14,not_run,2026-03-24T05:25:58,Well price billion against. Standard early bad. Police seven training another anyone summer.
test_result,379,,,,,,,,94,,,32,failed,2026-03-06T19:33:22,Eight water will drive my. Memory evidence without bank with single majority interesting.
test_result,380,,,,,,,,25,,,83,passed,2026-02-26T13:43:41,Be exactly medical will. Political resource you good.
test_result,381,,,,,,,,42,,,81,failed,2026-03-22T16:22:29,
test_result,382,,,,,,,,5,,,97,not_run,2026-02-08T12:12:34,Industry century television knowledge land place high. Defense trouble change training rest large.
test_result,383,,,,,,,,59,,,13,passed,2026-03-06T02:25:42,
test_result,384,,,,,,,,98,,,59,failed,2026-01-04T00:50:29,"Quite street already own need.
Travel fight approach onto. House media upon protect."
test_result,385,,,,,,,,94,,,8,not_run,2026-03-09T05:53:47,
test_result,386,,,,,,,,1,,,26,failed,2026-01-16T01:30:35,Analysis mother difficult perform short own. Idea remember season can particularly station.
test_result,387,,,,,,,,12,,,54,failed,2026-02-13T06:29:47,Authority hair provide for assume former. Bill theory executive everybody current.
test_result,388,,,,,,,,46,,,51,failed,2026-03-13T07:50:01,
test_result,389,,,,,,,,90,,,83,not_run,2026-01-06T16:56:36,
test_result,390,,,,,,,,92,,,53,passed,2026-03-07T20:40:21,Point she concern contain relationship measure time. I develop structure thus.
test_result,391,,,,,,,,177,,,30,failed,2026-03-04T18:01:49,Language wrong herself American. Main next data strong serious.
test_result,392,,,,,,,,111,,,98,blocked,2026-03-04T16:32:17,Eye have set blood would. Fly yard item relate have.
test_result,393,,,,,,,,1,,,91,passed,2026-03-19T14:58:50,
test_result,394,,,,,,,,143,,,46,not_run,2026-02-17T16:16:00,Surface open act after. Follow however rise beat his. Some fund check civil article effect.
test_result,395,,,,,,,,147,,,58,blocked,2026-01-17T07:29:22,Drop capital way statement. Eat various even skin democratic.
test_result,396,,,,,,,,97,,,98,failed,2026-01-10T23:15:21,Idea local program result I. Them some happen government leave employee true station.
test_result,397,,,,,,,,80,,,50,not_run,2026-02-25T03:36:39,
test_result,398,,,,,,,,115,,,71,failed,2026-02-02T09:37:22,
test_result,399,,,,,,,,200,,,86,failed,2026-02-23T19:13:23,We Democrat air industry fire western charge dark. Bank good call us. Grow pick guess we floor win.
test_result,400,,,,,,,,115,,,10,blocked,2026-01-23T20:14:03,Bring particular evening write during. Green early boy create strategy. Agreement gun his human.
test_result,401,,,,,,,,14,,,42,failed,2026-03-28T09:12:29,
test_result,402,,,,,,,,172,,,30,blocked,2026-01-20T09:34:18,Direction could nearly forget. Wait exactly foreign. Identify someone instead medical use artist.
test_result,403,,,,,,,,3,,,37,blocked,2026-01-27T17:13:35,
test_result,404,,,,,,,,190,,,18,blocked,2026-01-31T00:17:29,
test_result,405,,,,,,,,93,,,54,passed,2026-03-08T22:09:52,She wide some. Book church change ability.
test_result,406,,,,,,,,43,,,21,blocked,2026-01-15T23:06:23,
test_result,407,,,,,,,,55,,,4,blocked,2026-03-17T05:51:33,"Agent husband feeling take take national mean.
Hit wrong most. From than himself see red."
test_result,408,,,,,,,,6,,,67,not_run,2026-01-09T02:35:42,Gas play city gun analysis. According anything center number size energy entire respond.
test_result,409,,,,,,,,138,,,37,not_run,2026-02-10T05:48:03,Energy small recently computer raise market me. Must feel maintain last card.
test_result,410,,,,,,,,18,,,57,failed,2026-03-08T16:29:21,
test_result,411,,,,,,,,13,,,84,blocked,2026-02-11T17:10:21,And political pretty. White two crime short teach wide reveal right.
test_result,412,,,,,,,,82,,,30,passed,2026-02-11T08:12:26,
test_result,413,,,,,,,,110,,,1,not_run,2026-03-31T08:32:10,
test_result,414,,,,,,,,104,,,87,failed,2026-01-08T02:07:54,Turn rest machine meet different money amount. Movement economy well pull.
test_result,415,,,,,,,,132,,,75,blocked,2026-03-14T18:42:32,
test_result,416,,,,,,,,195,,,60,passed,2026-03-29T14:39:41,
test_result,417,,,,,,,,189,,,77,failed,2026-01-12T14:33:43,Nothing throughout receive ground bring.
test_result,418,,,,,,,,4,,,92,passed,2026-01-04T16:12:14,Soon civil produce. Include commercial television finally third. Inside time best sense country ok.
test_result,419,,,,,,,,30,,,70,not_run,2026-01-28T23:18:19,
test_result,420,,,,,,,,8,,,21,passed,2026-01-01T12:41:36,
test_result,421,,,,,,,,22,,,66,passed,2026-03-07T15:10:37,
test_result,422,,,,,,,,156,,,5,blocked,2026-02-26T10:27:49,Success leg force prevent table. Place black realize per can. Inside note school magazine us.
test_result,423,,,,,,,,34,,,38,passed,2026-02-25T21:20:56,"Fast near civil nice. Enough dark fire.
Race ground training garden ball allow. State wide eye eat."
test_result,424,,,,,,,,126,,,40,blocked,2026-02-26T14:09:19,Third fund sign will. Walk popular seven record we.
test_result,425,,,,,,,,32,,,39,failed,2026-01-03T05:50:27,
test_result,426,,,,,,,,179,,,75,not_run,2026-01-17T15:19:39,Late see threat lot daughter. Attorney once both why. Business few market board.
test_result,427,,,,,,,,161,,,44,failed,2026-02-13T13:26:35,"Though ball avoid join.
If skin end answer. Phone large education sign news door week."
test_result,428,,,,,,,,190,,,53,blocked,2026-02-16T19:17:51,College remain these shake half. Relationship white baby onto may item prove.
test_result,429,,,,,,,,3,,,92,passed,2026-02-08T16:43:30,
test_result,430,,,,,,,,118,,,57,failed,2026-04-01T14:51:50,
test_result,431,,,,,,,,177,,,43,passed,2026-01-12T04:23:08,Seem some near let concern manage. Top rather better environmental wonder into word.
test_result,432,,,,,,,,16,,,84,failed,2026-01-15T15:55:17,Artist much eight stuff. Happen remain bank machine.
test_result,433,,,,,,,,133,,,6,blocked,2026-03-14T16:29:12,
test_result,434,,,,,,,,48,,,72,not_run,2026-02-16T16:44:59,Wear seat administration exactly culture family. Tell I talk his add. Change yard four collection.
test_result,435,,,,,,,,103,,,64,passed,2026-03-15T09:24:56,
test_result,436,,,,,,,,30,,,42,passed,2026-03-30T06:17:56,
test_result,437,,,,,,,,8,,,95,not_run,2026-01-15T16:44:25,Car call each ahead way mention spend. Husband make already large growth.
test_result,438,,,,,,,,49,,,57,failed,2026-01-04T03:51:01,
test_result,439,,,,,,,,22,,,71,passed,2026-04-02T16:18:21,
test_result,440,,,,,,,,102,,,70,not_run,2026-03-18T03:07:25,
test_result,441,,,,,,,,125,,,68,passed,2026-03-10T19:02:35,Dream few adult send sell theory power. Better service someone street eight evening.
test_result,442,,,,,,,,124,,,79,blocked,2026-01-25T04:26:05,
test_result,443,,,,,,,,152,,,69,not_run,2026-02-17T02:05:35,Effort history sell young. Left end reduce market. Smile agency huge rock physical support turn.
test_result,444,,,,,,,,49,,,34,not_run,2026-01-01T01:25:51,
test_result,445,,,,,,,,111,,,27,passed,2026-02-18T04:44:11,
test_result,446,,,,,,,,130,,,25,passed,2026-01-07T05:57:03,
test_result,447,,,,,,,,62,,,78,failed,2026-03-28T09:21:32,Raise current shoulder where much.
test_result,448,,,,,,,,75,,,14,passed,2026-03-13T14:43:19,Reason main behavior and gun book leave common. Billion public author where question value.
test_result,449,,,,,,,,57,,,72,passed,2026-01-06T18:51:07,Yard democratic no series site left picture. Ok fast onto claim represent apply investment listen.
test_result,450,,,,,,,,44,,,18,passed,2026-01-20T19:40:12,
test_result,451,,,,,,,,172,,,79,not_run,2026-04-03T06:50:40,Budget risk moment far bar article. Life know wait far.
test_result,452,,,,,,,,22,,,93,blocked,2026-01-07T11:01:14,
test_result,453,,,,,,,,101,,,5,not_run,2026-03-02T23:03:49,Change prevent kind coach other own five.
test_result,454,,,,,,,,199,,,93,passed,2026-02-13T01:07:09,Local bank teacher organization little drug road role. Avoid recent huge task culture young style.
test_result,455,,,,,,,,149,,,81,blocked,2026-02-23T00:01:32,
test_result,456,,,,,,,,48,,,39,passed,2026-03-24T10:08:40,However organization appear against. Glass drug medical first Congress task off.
test_result,457,,,,,,,,45,,,46,failed,2026-02-23T07:28:19,
test_result,458,,,,,,,,49,,,40,blocked,2026-02-18T03:45:04,Theory if Mrs speech. Real through likely method by measure keep candidate.
test_result,459,,,,,,,,186,,,16,passed,2026-01-05T01:00:54,
test_result,460,,,,,,,,25,,,8,not_run,2026-03-14T04:37:05,Today direction perhaps hair. Institution education loss will school soon.
test_result,461,,,,,,,,6,,,78,blocked,2026-01-30T01:38:46,
test_result,462,,,,,,,,2,,,23,failed,2026-02-10T02:41:12,Music nice in appear. Sit along physical lawyer political thank around.
test_result,463,,,,,,,,138,,,24,passed,2026-01-10T16:25:52,
test_result,464,,,,,,,,109,,,66,passed,2026-01-07T17:30:06,Party certain article own would rest.
test_result,465,,,,,,,,143,,,55,passed,2026-01-19T03:23:04,
test_result,466,,,,,,,,181,,,61,failed,2026-02-14T09:28:39,Push best popular name. Send popular turn pay.
test_result,467,,,,,,,,103,,,33,blocked,2026-02-15T05:34:37,
test_result,468,,,,,,,,183,,,67,not_run,2026-02-12T21:57:33,
test_result,469,,,,,,,,10,,,31,passed,2026-01-31T20:51:56,
test_result,470,,,,,,,,163,,,82,failed,2026-01-25T11:48:06,
test_result,471,,,,,,,,33,,,47,not_run,2026-03-18T11:58:17,
test_result,472,,,,,,,,36,,,50,passed,2026-04-02T19:44:35,About most like call. Among security body boy fall.
test_result,473,,,,,,,,86,,,70,blocked,2026-03-23T20:19:29,Draw cell sea have decide his role. Health enough back learn. Issue must film with whom.
test_result,474,,,,,,,,68,,,78,not_run,2026-02-25T04:49:18,Line clearly speak research blue. Officer yet remember look effect.
test_result,475,,,,,,,,111,,,48,not_run,2026-01-06T23:17:03,
test_result,476,,,,,,,,139,,,70,passed,2026-01-30T14:06:00,Myself know score since event condition. Maintain join pull under.
test_result,477,,,,,,,,182,,,60,not_run,2026-01-25T21:55:07,Magazine run fish ten quite. Alone instead next really remember. Next product little.
test_result,478,,,,,,,,173,,,95,not_run,2026-02-10T23:53:06,
test_result,479,,,,,,,,79,,,96,passed,2026-03-13T03:43:55,Exist TV management interesting brother.
test_result,480,,,,,,,,186,,,76,not_run,2026-02-08T08:34:00,
test_result,481,,,,,,,,42,,,14,not_run,2026-01-02T00:59:35,Development toward natural. Industry mention really at cause.
test_result,482,,,,,,,,72,,,87,not_run,2026-03-09T04:10:37,
test_result,483,,,,,,,,8,,,28,passed,2026-01-25T13:13:01,Lot term himself future green like. Relationship say according. Hot employee behavior fight.
test_result,484,,,,,,,,18,,,68,blocked,2026-03-25T08:12:27,
test_result,485,,,,,,,,66,,,12,failed,2026-02-16T17:05:17,
test_result,486,,,,,,,,54,,,86,not_run,2026-02-18T08:42:32,
test_result,487,,,,,,,,197,,,81,passed,2026-02-24T05:39:37,Big maybe particularly structure. Dinner late second. Music society kind others base.
test_result,488,,,,,,,,23,,,65,failed,2026-02-02T23:32:31,Program hundred clearly sound adult. Board couple something without respond artist.
test_result,489,,,,,,,,34,,,34,failed,2026-03-16T00:28:23,Kitchen assume discover. Wait morning whose leg now. Buy chair color to federal parent.
test_result,490,,,,,,,,184,,,95,failed,2026-02-19T07:02:33,
test_result,491,,,,,,,,61,,,27,not_run,2026-01-26T14:51:09,
test_result,492,,,,,,,,126,,,43,failed,2026-03-21T18:15:08,Less want year may table focus value.
test_result,493,,,,,,,,80,,,50,failed,2026-02-08T04:32:00,
test_result,494,,,,,,,,125,,,90,not_run,2026-02-10T02:35:54,
test_result,495,,,,,,,,191,,,21,blocked,2026-02-23T05:44:11,
test_result,496,,,,,,,,67,,,82,blocked,2026-03-15T16:34:36,
test_result,497,,,,,,,,117,,,91,blocked,2026-01-25T08:41:52,Hope tree fly. Difference baby keep ground.
test_result,498,,,,,,,,164,,,22,passed,2026-02-26T21:36:17,
test_result,499,,,,,,,,94,,,43,blocked,2026-02-04T18:28:09,
test_result,500,,,,,,,,197,,,27,not_run,2026-02-16T00:07:08,
test_result,501,,,,,,,,112,,,90,passed,2026-03-18T01:29:46,
test_result,502,,,,,,,,31,,,48,failed,2026-03-13T00:24:10,Friend admit agency. Season cultural phone.
test_result,503,,,,,,,,151,,,25,passed,2026-02-23T05:53:50,Make her image sure likely them. Address some carry I soon radio expert. Course door gas decade.
test_result,504,,,,,,,,74,,,83,blocked,2026-02-06T01:41:04,
test_result,505,,,,,,,,113,,,19,failed,2026-03-31T13:28:47,
test_result,506,,,,,,,,93,,,47,not_run,2026-02-01T20:22:09,Move experience various market current others. Scene thousand national heart sell decade.
test_result,507,,,,,,,,103,,,76,failed,2026-02-19T08:21:54,
test_result,508,,,,,,,,105,,,43,passed,2026-02-08T00:16:05,
test_result,509,,,,,,,,3,,,64,failed,2026-01-25T07:43:09,Officer lawyer his technology generation. Politics smile including certainly pretty catch.
test_result,510,,,,,,,,62,,,52,failed,2026-02-04T10:41:18,Member ground threat look billion make. How today more.
test_result,511,,,,,,,,63,,,13,not_run,2026-03-19T03:29:14,Well tonight front subject edge door into. Read or stay form skin.
test_result,512,,,,,,,,48,,,34,failed,2026-03-20T07:15:56,
test_result,513,,,,,,,,86,,,8,not_run,2026-03-15T09:32:08,Cell open daughter defense road. Hard career federal risk manage.
test_result,514,,,,,,,,114,,,96,passed,2026-01-03T13:03:04,Activity research relationship. Success five have fine trial effect national.
test_result,515,,,,,,,,200,,,18,blocked,2026-02-25T10:51:25,
test_result,516,,,,,,,,139,,,45,failed,2026-02-09T17:03:03,Red arm our yourself. Within room story mother. Which firm between allow nice rise available.
test_result,517,,,,,,,,99,,,26,failed,2026-02-22T23:59:15,"Floor student require music door half bank.
Thing movie source his. Born group prevent allow."
test_result,518,,,,,,,,140,,,11,blocked,2026-01-14T06:19:11,
test_result,519,,,,,,,,68,,,41,blocked,2026-03-10T17:17:25,
test_result,520,,,,,,,,137,,,96,failed,2026-03-12T14:34:14,
test_result,521,,,,,,,,144,,,80,failed,2026-03-27T20:59:10,Law program discuss sit.
test_result,522,,,,,,,,112,,,58,blocked,2026-01-22T10:09:00,Part safe magazine always low suffer size where. Visit score student student.
test_result,523,,,,,,,,110,,,48,failed,2026-04-02T23:47:52,Team course argue forget political life. Movie doctor purpose.
test_result,524,,,,,,,,158,,,54,passed,2026-01-31T22:07:11,Government determine represent thousand history tend. Color total hour.
test_result,525,,,,,,,,11,,,6,passed,2026-01-17T14:56:41,
test_result,526,,,,,,,,18,,,14,blocked,2026-02-26T16:37:08,
test_result,527,,,,,,,,169,,,81,blocked,2026-03-09T05:00:00,
test_result,528,,,,,,,,62,,,23,failed,2026-01-27T07:25:48,Power west media full about back black. Wind until fight worry green.
test_result,529,,,,,,,,13,,,39,not_run,2026-01-30T16:19:36,Lay process off traditional hard right if. While natural experience federal truth party.
test_result,530,,,,,,,,84,,,90,failed,2026-02-19T06:20:42,
test_result,531,,,,,,,,156,,,10,failed,2026-01-01T08:50:53,Lose kid site soon speech. Hour quickly impact enjoy form item yet.
test_result,532,,,,,,,,141,,,56,failed,2026-02-10T19:04:46,He sister see to. Many three point question southern stop. Protect piece single central.
test_result,533,,,,,,,,128,,,88,not_run,2026-03-24T02:44:05,Upon which practice difficult. Off reality get system. Military loss site popular particularly.
test_result,534,,,,,,,,102,,,94,passed,2026-02-23T10:00:02,Pay space over and. Board dinner member cold else six.
test_result,535,,,,,,,,194,,,16,failed,2026-04-01T18:14:25,Benefit drop attention exist maybe start. Process Republican song statement result up.
test_result,536,,,,,,,,160,,,5,not_run,2026-01-31T17:14:39,
test_result,537,,,,,,,,110,,,74,blocked,2026-01-23T13:42:22,
test_result,538,,,,,,,,180,,,97,not_run,2026-03-28T17:38:18,Some generation trade social order. Maintain firm action sometimes.
test_result,539,,,,,,,,56,,,48,not_run,2026-01-29T18:29:11,
test_result,540,,,,,,,,176,,,85,blocked,2026-03-31T09:14:56,"Than outside production sell pay wait among. Culture prove door read.
Doctor mouth life."
test_result,541,,,,,,,,112,,,63,not_run,2026-03-10T16:19:18,War large themselves mention audience dinner performance.
test_result,542,,,,,,,,35,,,15,failed,2026-03-29T21:28:41,
test_result,543,,,,,,,,148,,,96,blocked,2026-04-03T06:44:58,
test_result,544,,,,,,,,172,,,83,failed,2026-02-11T16:15:55,
test_result,545,,,,,,,,7,,,4,passed,2026-02-25T11:59:00,
test_result,546,,,,,,,,127,,,49,passed,2026-01-07T11:58:02,
test_result,547,,,,,,,,43,,,24,blocked,2026-02-08T13:12:49,Dinner morning she participant. Both church suffer point be agreement day.
test_result,548,,,,,,,,143,,,86,not_run,2026-01-20T21:51:22,
test_result,549,,,,,,,,142,,,98,passed,2026-03-13T18:15:41,
test_result,550,,,,,,,,86,,,35,not_run,2026-03-19T01:31:46,
test_result,551,,,,,,,,19,,,73,passed,2026-03-24T20:20:24,You beat raise again. Growth yet book father near.
test_result,552,,,,,,,,175,,,77,passed,2026-01-27T14:43:50,Tax follow cold bit sure. Report responsibility day side school wish send plant.
test_result,553,,,,,,,,140,,,45,not_run,2026-01-24T19:10:40,They movement including task write east. Position appear bar. Continue certain style door.
test_result,554,,,,,,,,93,,,21,blocked,2026-02-09T08:13:12,
test_result,555,,,,,,,,20,,,80,failed,2026-02-16T13:14:10,
test_result,556,,,,,,,,25,,,39,passed,2026-01-29T13:20:25,
test_result,557,,,,,,,,155,,,58,passed,2026-03-10T09:12:36,
test_result,558,,,,,,,,82,,,23,blocked,2026-01-28T00:29:55,Several current billion structure with. Offer color minute bed idea out movie.
test_result,559,,,,,,,,176,,,63,not_run,2026-02-13T00:38:41,Produce cup something cost walk hold situation. Speech ok once under.
test_result,560,,,,,,,,185,,,82,blocked,2026-04-02T05:37:34,Option more sometimes public. Form human box hospital. Level me commercial exist determine.
test_result,561,,,,,,,,13,,,91,not_run,2026-01-21T18:22:52,
test_result,562,,,,,,,,175,,,35,not_run,2026-03-21T09:55:52,Your office especially high hard. World tax name later always list. Mrs of police.
test_result,563,,,,,,,,172,,,24,passed,2026-03-05T08:51:32,
test_result,564,,,,,,,,42,,,15,not_run,2026-02-01T14:07:50,Decide tree response drive simply next well. Appear drop million still cost.
test_result,565,,,,,,,,137,,,9,failed,2026-03-29T10:24:04,Interview training or citizen people again. Close sort deep computer industry wrong parent.
test_result,566,,,,,,,,151,,,95,passed,2026-01-04T08:25:47,
test_result,567,,,,,,,,150,,,74,not_run,2026-03-31T12:15:43,
test_result,568,,,,,,,,166,,,4,not_run,2026-02-24T14:54:31,Item the case recent line most keep store. Ground whole do American evening mother owner.
test_result,569,,,,,,,,108,,,85,blocked,2026-02-20T14:40:17,Lose success new. Very brother glass.
test_result,570,,,,,,,,5,,,24,blocked,2026-02-24T20:07:09,
test_result,571,,,,,,,,123,,,77,blocked,2026-03-24T12:16:52,I what public whole bank bag must. Finish rich age that magazine born ten.
test_result,572,,,,,,,,35,,,13,passed,2026-01-15T15:24:44,Democratic today give why. Fund enough painting magazine always.
test_result,573,,,,,,,,20,,,92,blocked,2026-03-07T04:15:57,
test_result,574,,,,,,,,50,,,34,failed,2026-03-27T09:13:25,
test_result,575,,,,,,,,70,,,76,not_run,2026-02-08T06:14:26,
test_result,576,,,,,,,,132,,,53,passed,2026-02-03T12:41:24,
test_result,577,,,,,,,,47,,,6,passed,2026-03-30T19:18:49,
test_result,578,,,,,,,,55,,,57,passed,2026-03-24T09:01:36,Radio hold surface like.
test_result,579,,,,,,,,168,,,29,passed,2026-01-17T14:57:53,Style dinner five road ball. Still matter half seek option change. Good carry whatever safe.
test_result,580,,,,,,,,125,,,14,blocked,2026-01-20T18:59:23,
test_result,581,,,,,,,,41,,,52,failed,2026-03-12T02:52:26,
test_result,582,,,,,,,,154,,,78,not_run,2026-01-05T05:06:12,Move become father study by. Much charge general memory must party. Effect mouth pick throughout.
test_result,583,,,,,,,,127,,,75,passed,2026-03-28T17:16:22,A eight case chance add. Mr here religious choose probably water. Eat they determine now.
test_result,584,,,,,,,,192,,,10,failed,2026-03-28T00:14:33,Explain candidate some final. Positive upon whose heavy establish reflect only matter.
test_result,585,,,,,,,,175,,,44,not_run,2026-01-25T02:04:54,
test_result,586,,,,,,,,156,,,87,passed,2026-03-03T05:18:05,Civil authority rule season read. Health voice pick write.
test_result,587,,,,,,,,57,,,97,not_run,2026-02-21T16:05:09,Feeling while eight PM stop power. Report investment act idea follow current example.
test_result,588,,,,,,,,11,,,55,failed,2026-01-11T14:47:16,Trial only health old computer its list trouble. Mind idea the stuff sea.
test_result,589,,,,,,,,189,,,81,passed,2026-03-02T13:44:28,"Leg bill trip organization hope that.
Wish family base use second trial make."
test_result,590,,,,,,,,85,,,8,failed,2026-03-04T01:22:00,
test_result,591,,,,,,,,29,,,73,failed,2026-01-15T18:24:00,
test_result,592,,,,,,,,72,,,15,failed,2026-01-02T03:54:11,
test_result,593,,,,,,,,51,,,6,blocked,2026-03-05T02:48:31,
test_result,594,,,,,,,,33,,,34,failed,2026-01-13T15:58:17,
test_result,595,,,,,,,,67,,,63,passed,2026-02-24T08:41:23,
test_result,596,,,,,,,,165,,,39,blocked,2026-01-17T08:15:30,
test_result,597,,,,,,,,28,,,37,failed,2026-03-15T21:33:02,
test_result,598,,,,,,,,22,,,20,passed,2026-02-11T12:04:03,Fire program your her her relate human international. Decision live respond main least right bad.
test_result,599,,,,,,,,173,,,51,not_run,2026-01-13T22:13:41,Article paper walk such.
test_result,600,,,,,,,,127,,,82,passed,2026-03-03T08:19:58,Continue keep available picture join.
test_result,601,,,,,,,,27,,,25,passed,2026-01-09T13:58:22,Understand center daughter stage draw themselves drive. Dark student itself guy as billion.
test_result,602,,,,,,,,174,,,70,failed,2026-01-27T06:56:27,Effort sure site each. Themselves effort drug choose help month six.
test_result,603,,,,,,,,44,,,92,failed,2026-03-07T18:17:28,Hand last student sure bring now customer. Successful learn they situation point this TV under.
test_result,604,,,,,,,,131,,,73,passed,2026-03-01T21:30:03,Role appear easy along area. Final represent growth future onto.
test_result,605,,,,,,,,124,,,72,blocked,2026-01-14T07:27:57,
test_result,606,,,,,,,,9,,,68,not_run,2026-01-04T18:03:53,Agree term surface not everything out according task.
test_result,607,,,,,,,,167,,,48,passed,2026-02-07T09:34:48,Democratic trial look speech describe experience. Future hospital TV fast act sometimes have.
test_result,608,,,,,,,,53,,,19,passed,2026-03-19T17:03:40,Policy three direction animal true quite. Fish provide impact page.
test_result,609,,,,,,,,116,,,55,failed,2026-02-03T07:07:59,Job friend deal deep him. Pressure out why piece.
test_result,610,,,,,,,,159,,,89,not_run,2026-01-21T23:28:59,Not article raise me gas free. Wonder during ever clearly experience.
test_result,611,,,,,,,,117,,,91,blocked,2026-01-29T02:42:44,
test_result,612,,,,,,,,38,,,74,passed,2026-03-13T04:06:59,Begin finish south guess hear forward. Man start prepare minute hair Mr own.
test_result,613,,,,,,,,127,,,96,failed,2026-02-17T16:40:51,Prepare apply close form bring other. Without suddenly central gun.
test_result,614,,,,,,,,157,,,51,not_run,2026-02-19T10:27:48,Never about rate subject. Theory picture may require pressure join degree.
test_result,615,,,,,,,,164,,,61,passed,2026-01-09T10:06:15,
test_result,616,,,,,,,,114,,,35,passed,2026-03-16T02:50:07,Meeting green outside care policy each. Future space term yard rate. There example box.
test_result,617,,,,,,,,5,,,69,failed,2026-03-15T13:05:16,Organization lead kitchen red him character. Mind thought they south.
test_result,618,,,,,,,,134,,,23,not_run,2026-03-14T23:36:51,Pretty suggest none turn bill magazine toward. Wind in keep.
test_result,619,,,,,,,,189,,,43,failed,2026-03-02T12:19:31,East certain crime pressure. Line difficult we appear they knowledge source.
test_result,620,,,,,,,,146,,,13,not_run,2026-02-12T16:31:50,Because far number boy develop wait sense. Value number quickly still. Structure blue eight.
test_result,621,,,,,,,,126,,,49,blocked,2026-01-11T09:40:13,Country himself current soon he production. Conference season here.
test_result,622,,,,,,,,134,,,61,not_run,2026-03-19T05:10:04,Trade build film maintain certain. Pm enough song store short human. Common out reach exactly.
test_result,623,,,,,,,,185,,,77,blocked,2026-03-08T19:04:26,Anything exactly reality the. Cell garden own act.
test_result,624,,,,,,,,187,,,48,blocked,2026-02-19T07:12:20,
test_result,625,,,,,,,,120,,,21,passed,2026-02-23T22:28:15,Official consumer then but. Address never choice one help new involve.
test_result,626,,,,,,,,131,,,60,blocked,2026-01-19T07:07:35,President type cover agreement adult. Establish husband camera here. Place even find.
test_result,627,,,,,,,,176,,,84,not_run,2026-01-27T16:35:21,Find political today hundred best. Make start radio blue. Large exist building take.
test_result,628,,,,,,,,133,,,59,blocked,2026-01-10T10:36:10,Yet compare Mr. Development follow success soon.
test_result,629,,,,,,,,101,,,40,passed,2026-03-28T17:57:02,Anything law impact.
test_result,630,,,,,,,,74,,,72,not_run,2026-01-30T16:42:54,Field of black popular chance. Next design per rule public sure become.
test_result,631,,,,,,,,176,,,68,passed,2026-03-05T22:26:53,"Why page school the address wall. Carry part road who.
Probably although rich work building also."
test_result,632,,,,,,,,105,,,18,blocked,2026-01-17T20:56:52,
test_result,633,,,,,,,,24,,,31,not_run,2026-01-21T10:58:42,Section such great off against work. Force drop far rule water. Thousand long successful seat.
test_result,634,,,,,,,,198,,,26,not_run,2026-03-20T03:07:00,
test_result,635,,,,,,,,149,,,71,passed,2026-01-13T02:00:03,
test_result,636,,,,,,,,182,,,54,not_run,2026-02-12T03:01:48,
test_result,637,,,,,,,,105,,,32,not_run,2026-01-17T09:40:42,
test_result,638,,,,,,,,59,,,100,blocked,2026-02-28T21:03:47,Within note exactly carry region month travel authority.
test_result,639,,,,,,,,80,,,34,failed,2026-01-13T20:55:06,Leader police because no another. Everybody always report attack.
test_result,640,,,,,,,,191,,,18,not_run,2026-03-22T18:26:45,
test_result,641,,,,,,,,176,,,23,not_run,2026-02-18T09:56:36,Pay focus spend forget message. Figure enter bill as.
test_result,642,,,,,,,,47,,,54,blocked,2026-02-20T10:50:46,
test_result,643,,,,,,,,167,,,87,not_run,2026-01-12T11:57:21,
test_result,644,,,,,,,,5,,,99,blocked,2026-03-02T23:12:08,
test_result,645,,,,,,,,36,,,43,passed,2026-02-06T09:37:20,Add hundred speech him politics answer culture. Nor energy drive art. Force worry stock catch.
test_result,646,,,,,,,,16,,,91,blocked,2026-03-24T05:53:58,
test_result,647,,,,,,,,100,,,14,blocked,2026-03-15T03:36:34,
test_result,648,,,,,,,,62,,,93,blocked,2026-01-25T19:15:40,
test_result,649,,,,,,,,199,,,31,blocked,2026-01-18T03:39:13,Us but red event. Model job join.
test_result,650,,,,,,,,168,,,76,blocked,2026-01-07T15:06:36,
test_result,651,,,,,,,,194,,,88,blocked,2026-03-28T06:38:08,Process wonder former push skin me surface.
test_result,652,,,,,,,,76,,,37,passed,2026-01-11T15:54:47,
test_result,653,,,,,,,,142,,,59,not_run,2026-03-15T13:22:47,
test_result,654,,,,,,,,168,,,40,failed,2026-02-24T07:51:16,
test_result,655,,,,,,,,121,,,27,passed,2026-02-03T00:46:45,Think among phone approach price turn live always. Speak least school south toward pass draw.
test_result,656,,,,,,,,172,,,3,not_run,2026-01-09T07:34:44,Allow marriage feel her determine not. Wife painting significant wish.
test_result,657,,,,,,,,62,,,5,failed,2026-01-17T21:39:49,Institution environmental worker heart down nor.
test_result,658,,,,,,,,66,,,54,failed,2026-02-22T07:30:04,
test_result,659,,,,,,,,103,,,95,failed,2026-03-30T18:45:57,We himself close team their executive culture. After beyond unit history.
test_result,660,,,,,,,,4,,,28,failed,2026-02-14T13:24:10,
test_result,661,,,,,,,,182,,,95,failed,2026-01-30T17:03:57,
test_result,662,,,,,,,,165,,,42,failed,2026-02-03T09:34:27,Prepare star kid art his. Several indeed sea want daughter. Food business vote notice.
test_result,663,,,,,,,,39,,,5,failed,2026-02-12T02:30:15,
test_result,664,,,,,,,,32,,,29,passed,2026-02-10T04:06:56,
test_result,665,,,,,,,,79,,,98,blocked,2026-02-13T15:56:57,Really run technology build. Contain vote Mrs various because no.
test_result,666,,,,,,,,37,,,15,passed,2026-03-10T02:34:36,Shoulder war until large still ball garden low. Computer ten cost.
test_result,667,,,,,,,,8,,,65,blocked,2026-03-31T21:05:55,
test_result,668,,,,,,,,104,,,83,failed,2026-01-08T05:06:50,
test_result,669,,,,,,,,73,,,61,not_run,2026-01-23T15:31:28,
test_result,670,,,,,,,,164,,,78,not_run,2026-02-14T05:01:48,
test_result,671,,,,,,,,17,,,58,passed,2026-02-24T17:33:17,
test_result,672,,,,,,,,100,,,6,blocked,2026-03-17T11:13:50,Goal word the degree tree majority call. Development training statement simply always range floor.
test_result,673,,,,,,,,65,,,75,blocked,2026-03-13T23:36:43,Because return home must. Radio without score decide. Year back present item against.
test_result,674,,,,,,,,162,,,28,blocked,2026-03-13T05:29:58,Line someone remember raise argue I lead. Ability spend official and store. Less lose happy entire.
test_result,675,,,,,,,,75,,,3,blocked,2026-02-12T16:49:37,Much improve today ago herself service believe. Expert memory almost doctor doctor later.
test_result,676,,,,,,,,197,,,81,blocked,2026-03-23T23:55:50,
test_result,677,,,,,,,,61,,,23,passed,2026-01-12T10:21:24,
test_result,678,,,,,,,,117,,,86,failed,2026-02-25T00:44:09,
test_result,679,,,,,,,,23,,,81,passed,2026-03-27T08:03:55,
test_result,680,,,,,,,,64,,,84,passed,2026-03-02T03:28:29,
test_result,681,,,,,,,,178,,,3,passed,2026-01-15T13:16:37,
test_result,682,,,,,,,,27,,,95,not_run,2026-03-11T07:40:44,Relationship almost thousand too where ok. Concern customer area full may message.
test_result,683,,,,,,,,68,,,32,not_run,2026-01-20T03:23:55,
test_result,684,,,,,,,,9,,,21,not_run,2026-01-13T23:52:31,
test_result,685,,,,,,,,45,,,62,blocked,2026-01-04T18:53:10,Item main since. Fund order but trial kind company.
test_result,686,,,,,,,,77,,,59,blocked,2026-03-29T09:16:20,
test_result,687,,,,,,,,137,,,26,passed,2026-03-17T08:07:12,
test_result,688,,,,,,,,30,,,54,blocked,2026-01-12T11:40:12,Statement form ago century though American early.
test_result,689,,,,,,,,81,,,96,failed,2026-02-09T18:16:42,Go share few time smile interview well. Already them soldier amount.
test_result,690,,,,,,,,107,,,84,failed,2026-02-05T20:27:06,Trial likely candidate hear practice. Task show rise all open dinner painting.
test_result,691,,,,,,,,150,,,82,blocked,2026-01-26T09:56:46,
test_result,692,,,,,,,,112,,,66,not_run,2026-01-06T20:01:50,Gas scientist last despite. Out language hundred almost inside claim expert.
test_result,693,,,,,,,,120,,,89,passed,2026-01-24T21:46:39,
test_result,694,,,,,,,,172,,,72,blocked,2026-04-02T10:25:25,
test_result,695,,,,,,,,146,,,78,failed,2026-03-21T12:06:17,
test_result,696,,,,,,,,128,,,93,blocked,2026-01-30T09:12:55,Quite ground bag level several attack event. Fall evidence finally whole our. Meet plan begin.
test_result,697,,,,,,,,164,,,72,blocked,2026-01-29T17:29:42,Woman part economy two nice. Situation more for office address season.
test_result,698,,,,,,,,145,,,89,failed,2026-01-04T03:24:13,Arm indicate figure something into place.
test_result,699,,,,,,,,51,,,59,not_run,2026-03-06T17:50:43,
test_result,700,,,,,,,,137,,,94,failed,2026-01-26T00:23:47,Something window one commercial. Leader lay try road staff yeah.
test_result,701,,,,,,,,79,,,35,passed,2026-01-03T22:37:28,Information past college. Outside method herself live country usually drop.
test_result,702,,,,,,,,23,,,21,not_run,2026-04-02T07:04:33,Child dinner from dark occur catch picture day. Determine ever that fast perhaps free report again.
test_result,703,,,,,,,,153,,,29,blocked,2026-01-28T02:48:45,Middle yes yet billion democratic. But series under camera.
test_result,704,,,,,,,,94,,,81,not_run,2026-02-13T09:24:30,Large soon quickly industry enough run often. Surface day resource building.
test_result,705,,,,,,,,115,,,17,passed,2026-03-07T17:44:47,Employee modern go. Talk set ball along.
test_result,706,,,,,,,,199,,,12,failed,2026-01-08T11:48:15,Together me wife together development attack person. Debate station across its.
test_result,707,,,,,,,,137,,,55,failed,2026-03-24T05:05:33,Course other check attention whole. Skin season send culture thing everything sometimes put.
test_result,708,,,,,,,,16,,,42,passed,2026-01-23T19:23:11,Lawyer state which read student to although. Capital boy federal.
test_result,709,,,,,,,,80,,,57,not_run,2026-02-16T10:03:47,
test_result,710,,,,,,,,195,,,7,passed,2026-03-17T16:07:41,
test_result,711,,,,,,,,182,,,67,blocked,2026-01-10T19:47:57,
test_result,712,,,,,,,,150,,,43,not_run,2026-01-25T16:39:40,
test_result,713,,,,,,,,121,,,87,passed,2026-01-25T11:47:58,
test_result,714,,,,,,,,177,,,33,passed,2026-01-23T00:09:27,
test_result,715,,,,,,,,192,,,16,blocked,2026-03-08T20:27:25,Reason concern both will once job. Stage star talk write stock democratic treatment.
test_result,716,,,,,,,,48,,,42,blocked,2026-02-26T06:45:34,Quickly structure good return field attention. Scene color stage another house sit.
test_result,717,,,,,,,,61,,,26,passed,2026-03-13T16:18:46,
test_result,718,,,,,,,,43,,,58,not_run,2026-01-28T01:42:01,
test_result,719,,,,,,,,111,,,60,not_run,2026-03-23T06:33:01,Effort speak especially challenge.
test_result,720,,,,,,,,8,,,79,passed,2026-01-23T19:37:44,Skin determine realize which visit customer high. Few artist hand cause set recently.
test_result,721,,,,,,,,164,,,9,failed,2026-02-15T09:39:39,
test_result,722,,,,,,,,86,,,33,blocked,2026-01-12T09:34:37,
test_result,723,,,,,,,,41,,,60,failed,2026-03-14T22:40:21,
test_result,724,,,,,,,,46,,,55,failed,2026-02-10T17:51:45,Expert different energy decision everybody.
test_result,725,,,,,,,,144,,,38,passed,2026-03-15T13:44:40,For road strategy site edge its responsibility.
test_result,726,,,,,,,,12,,,47,passed,2026-02-01T09:09:14,
test_result,727,,,,,,,,169,,,95,not_run,2026-02-02T01:57:12,
test_result,728,,,,,,,,177,,,83,passed,2026-04-02T12:39:23,
test_result,729,,,,,,,,187,,,85,blocked,2026-02-10T04:44:41,
test_result,730,,,,,,,,159,,,38,blocked,2026-03-23T08:54:20,
test_result,731,,,,,,,,22,,,49,blocked,2026-02-28T05:44:42,
test_result,732,,,,,,,,61,,,97,not_run,2026-01-17T12:42:31,
test_result,733,,,,,,,,181,,,32,failed,2026-01-16T10:09:09,
test_result,734,,,,,,,,179,,,61,failed,2026-02-23T22:10:48,
test_result,735,,,,,,,,40,,,62,blocked,2026-04-03T09:06:02,
test_result,736,,,,,,,,48,,,47,not_run,2026-03-27T03:45:40,
test_result,737,,,,,,,,137,,,2,not_run,2026-01-19T20:36:34,
test_result,738,,,,,,,,24,,,83,failed,2026-02-20T17:55:04,
test_result,739,,,,,,,,186,,,49,passed,2026-01-03T21:27:31,
test_result,740,,,,,,,,25,,,89,passed,2026-02-03T23:35:45,"Price program which production ago set send.
Send begin loss."
test_result,741,,,,,,,,186,,,53,blocked,2026-01-03T12:05:41,
test_result,742,,,,,,,,15,,,69,passed,2026-02-10T09:14:56,
test_result,743,,,,,,,,142,,,22,not_run,2026-03-15T15:44:20,Couple trouble Congress eight. Hand director wish politics national truth.
test_result,744,,,,,,,,27,,,61,blocked,2026-03-22T18:41:38,Small will service until south. Much answer language bring community staff.
test_result,745,,,,,,,,169,,,7,not_run,2026-01-07T22:42:07,
test_result,746,,,,,,,,70,,,69,passed,2026-01-07T18:01:37,Cultural science material finally record among hand. Office everyone type wall.
test_result,747,,,,,,,,135,,,2,passed,2026-03-08T12:55:10,Hair walk scene foreign. Thank common team few base cold.
test_result,748,,,,,,,,79,,,10,not_run,2026-02-24T11:36:28,Understand him administration pass TV.
test_result,749,,,,,,,,117,,,55,passed,2026-01-05T00:31:04,Allow method positive fund Republican. Range best shake true push.
test_result,750,,,,,,,,193,,,35,failed,2026-02-12T14:02:55,Forward summer still street necessary quality matter. Career alone increase beyond yet open great.
test_result,751,,,,,,,,12,,,21,not_run,2026-01-28T04:24:19,
test_result,752,,,,,,,,145,,,29,failed,2026-03-26T22:57:18,
test_result,753,,,,,,,,168,,,40,blocked,2026-02-20T04:25:39,
test_result,754,,,,,,,,22,,,63,failed,2026-02-01T16:36:09,Manage drug trouble experience. Story hospital eight improve. Note think notice long his data.
test_result,755,,,,,,,,16,,,23,blocked,2026-01-14T11:56:53,Hotel me whom. Relate whether dream draw thousand. Store where lose what ten seven.
test_result,756,,,,,,,,157,,,95,failed,2026-01-21T12:56:16,
test_result,757,,,,,,,,71,,,24,passed,2026-02-18T11:53:00,Him dog stock color hot detail. Director customer hour.
test_result,758,,,,,,,,48,,,89,blocked,2026-03-15T05:28:25,Hear black however head. Figure similar significant. Interview popular sound stage nation.
test_result,759,,,,,,,,24,,,33,passed,2026-03-18T22:16:51,
test_result,760,,,,,,,,180,,,40,blocked,2026-02-28T15:14:40,Since guess gun professor. Budget fine central fund.
test_result,761,,,,,,,,35,,,83,blocked,2026-02-10T13:21:18,
test_result,762,,,,,,,,45,,,25,not_run,2026-01-30T16:08:33,"Which consider only thank sense population. Account rich spring.
Check song show city politics."
test_result,763,,,,,,,,101,,,17,passed,2026-02-28T05:25:29,Base trip military. Director these develop only technology line be.
test_result,764,,,,,,,,54,,,2,blocked,2026-03-22T21:48:31,State blue former down read do. Cold receive build list. Become eye eye of.
test_result,765,,,,,,,,52,,,39,passed,2026-02-19T01:06:25,
test_result,766,,,,,,,,70,,,95,failed,2026-02-22T20:00:58,
test_result,767,,,,,,,,168,,,68,blocked,2026-03-21T22:26:35,Something run could year boy trouble about. Social less heart grow could risk authority.
test_result,768,,,,,,,,3,,,25,passed,2026-03-30T12:11:21,
test_result,769,,,,,,,,87,,,14,passed,2026-03-16T02:23:43,Someone degree authority drive show. Standard interview section black.
test_result,770,,,,,,,,162,,,68,failed,2026-02-05T06:50:11,
test_result,771,,,,,,,,67,,,98,passed,2026-02-08T11:45:55,
test_result,772,,,,,,,,189,,,35,failed,2026-03-05T07:36:56,Director finish might attorney history shoulder. Society hair instead level animal learn.
test_result,773,,,,,,,,23,,,32,passed,2026-03-30T01:40:21,Party sit often. Success pay choose girl tree move.
test_result,774,,,,,,,,38,,,46,blocked,2026-01-04T15:22:43,Toward a should. Risk people boy worry firm.
test_result,775,,,,,,,,128,,,45,not_run,2026-03-09T08:58:34,Heavy scientist staff kid better newspaper. Add edge east along house practice blood.
test_result,776,,,,,,,,32,,,84,failed,2026-02-07T14:42:52,Work then power. Policy identify build impact security writer cell could.
test_result,777,,,,,,,,146,,,45,passed,2026-03-01T16:01:33,"Station hit stand game economic set why.
His protect effect blood view unit certain."
test_result,778,,,,,,,,53,,,45,passed,2026-02-02T13:23:38,Father five couple east many style especially. Foot good every half billion wall yourself option.
test_result,779,,,,,,,,76,,,23,not_run,2026-02-07T14:25:55,Myself serve there fine forward body. Successful painting decade.
test_result,780,,,,,,,,84,,,44,failed,2026-04-01T06:59:44,
test_result,781,,,,,,,,189,,,3,failed,2026-01-23T05:11:17,
test_result,782,,,,,,,,144,,,100,not_run,2026-03-04T09:20:07,Image picture from project information gun among. Trouble student easy. Name billion expert stand.
test_result,783,,,,,,,,178,,,74,blocked,2026-01-09T15:37:38,
test_result,784,,,,,,,,161,,,30,passed,2026-01-07T09:50:53,Across stop even stuff yeah run recently. Site because stock enter.
test_result,785,,,,,,,,161,,,17,failed,2026-03-22T08:12:23,Gun wide memory. Five speech message set east. Near for throughout party law.
test_result,786,,,,,,,,142,,,13,blocked,2026-03-29T08:57:09,Occur employee right lay energy social. Green realize evening economic because.
test_result,787,,,,,,,,192,,,95,failed,2026-02-14T23:50:19,
test_result,788,,,,,,,,141,,,33,failed,2026-01-17T15:29:17,
test_result,789,,,,,,,,172,,,76,blocked,2026-01-14T12:10:24,
test_result,790,,,,,,,,104,,,99,blocked,2026-03-14T16:04:23,Improve program bed ever. As situation worker avoid too. Spring represent east pattern color.
test_result,791,,,,,,,,64,,,89,blocked,2026-03-12T19:54:46,
test_result,792,,,,,,,,80,,,70,failed,2026-01-24T20:32:15,"Message although feel knowledge hope.
Late suffer policy assume discover. Break value more artist."
test_result,793,,,,,,,,162,,,12,not_run,2026-01-12T16:19:42,
test_result,794,,,,,,,,126,,,84,blocked,2026-02-07T22:06:39,Air partner baby say stop. Purpose their budget how. Beautiful sea need degree.
test_result,795,,,,,,,,76,,,43,not_run,2026-03-26T01:05:23,
test_result,796,,,,,,,,44,,,93,failed,2026-03-17T07:51:46,Vote just high in. Usually argue myself.
test_result,797,,,,,,,,58,,,82,passed,2026-02-26T08:44:12,Leader discuss across according me star case. Fill far head fear million development five.
test_result,798,,,,,,,,63,,,86,not_run,2026-02-01T09:17:54,
test_result,799,,,,,,,,137,,,90,passed,2026-03-02T18:38:00,Arm hotel expert it foreign while teach. Particularly resource move admit.
test_result,800,,,,,,,,79,,,16,not_run,2026-03-05T20:19:11,
test_result,801,,,,,,,,39,,,82,failed,2026-02-02T01:27:11,
test_result,802,,,,,,,,76,,,56,blocked,2026-02-13T04:01:12,
test_result,803,,,,,,,,133,,,87,failed,2026-02-13T13:12:41,
test_result,804,,,,,,,,120,,,86,failed,2026-01-10T17:25:27,Call away already less.
test_result,805,,,,,,,,10,,,47,failed,2026-01-07T22:40:44,
test_result,806,,,,,,,,140,,,19,blocked,2026-03-06T14:57:06,Require air stock goal. Bar house least rate red treatment. Deal claim century.
test_result,807,,,,,,,,199,,,68,blocked,2026-01-16T10:29:14,
test_result,808,,,,,,,,20,,,50,failed,2026-01-07T03:24:34,
test_result,809,,,,,,,,24,,,41,failed,2026-01-23T18:39:11,Use style analysis machine do choose he.
test_result,810,,,,,,,,10,,,67,not_run,2026-02-15T16:00:23,
test_result,811,,,,,,,,73,,,86,passed,2026-02-02T01:04:36,Artist seem second standard participant through son. Go test bit ask left shoulder.
test_result,812,,,,,,,,99,,,16,not_run,2026-02-14T18:51:51,
test_result,813,,,,,,,,10,,,97,not_run,2026-02-26T05:26:02,Design that five certain. Go level music instead.
test_result,814,,,,,,,,23,,,20,blocked,2026-01-02T09:53:48,
test_result,815,,,,,,,,33,,,9,blocked,2026-04-02T22:05:07,Thought difference price vote. Sure remember ability recognize.
test_result,816,,,,,,,,77,,,96,not_run,2026-01-10T19:11:54,Me certain image. Treat even artist process floor.
test_result,817,,,,,,,,108,,,56,passed,2026-03-30T00:08:40,
test_result,818,,,,,,,,87,,,74,passed,2026-02-09T20:18:11,
test_result,819,,,,,,,,51,,,7,blocked,2026-03-20T10:51:43,
test_result,820,,,,,,,,23,,,43,failed,2026-01-23T21:41:00,Food several near town sea boy agreement test.
test_result,821,,,,,,,,103,,,37,blocked,2026-01-10T17:03:21,
test_result,822,,,,,,,,175,,,7,not_run,2026-02-15T05:25:02,
test_result,823,,,,,,,,54,,,3,passed,2026-03-23T05:21:21,Off hour attention wide read table camera. Agreement such interesting sell minute fall.
test_result,824,,,,,,,,91,,,76,passed,2026-01-27T21:36:06,Maybe degree couple. Product attack free senior listen trade upon. Likely artist decade after.
test_result,825,,,,,,,,28,,,1,not_run,2026-01-01T07:05:41,Gas short another attack act or.
test_result,826,,,,,,,,44,,,17,not_run,2026-01-16T11:59:27,Group meeting risk three. Boy sign force night sometimes somebody. Person player part.
test_result,827,,,,,,,,81,,,72,not_run,2026-01-03T21:39:55,
test_result,828,,,,,,,,198,,,86,not_run,2026-03-01T07:23:19,
test_result,829,,,,,,,,129,,,65,passed,2026-03-30T19:27:46,Senior play event left help. Suggest final deep white. Guy at still management tough we.
test_result,830,,,,,,,,122,,,86,passed,2026-02-20T01:12:59,
test_result,831,,,,,,,,123,,,61,passed,2026-03-17T10:45:02,Do car today Mrs. To every art believe. Far wear politics factor standard doctor realize.
test_result,832,,,,,,,,1,,,24,blocked,2026-02-25T19:52:46,Edge career hope blue woman claim fast. Cup doctor color line. Resource very simple coach.
test_result,833,,,,,,,,24,,,53,failed,2026-03-24T17:26:36,Television evening listen house explain doctor. Forward wind term here.
test_result,834,,,,,,,,47,,,31,blocked,2026-03-06T02:40:58,
test_result,835,,,,,,,,14,,,39,failed,2026-03-30T21:32:59,
test_result,836,,,,,,,,129,,,67,blocked,2026-02-18T23:10:32,
test_result,837,,,,,,,,83,,,6,failed,2026-02-21T03:24:49,Full five yourself eye agency.
test_result,838,,,,,,,,16,,,7,blocked,2026-01-16T19:06:19,
test_result,839,,,,,,,,50,,,26,failed,2026-03-12T20:32:59,Agree day buy air. Million policy glass give door. Lawyer majority song major.
test_result,840,,,,,,,,99,,,65,blocked,2026-01-04T18:05:01,Force truth hour type article. Also close whose. Blue investment bank move grow list.
test_result,841,,,,,,,,165,,,42,not_run,2026-03-20T12:45:10,
test_result,842,,,,,,,,164,,,26,passed,2026-01-09T05:31:45,Minute approach wonder spend book civil high image. Interest coach seem wear.
test_result,843,,,,,,,,11,,,93,blocked,2026-02-18T17:14:12,Lot in better sister hear. Sort game personal wear song one. Happy some begin push floor.
test_result,844,,,,,,,,93,,,39,failed,2026-02-07T13:33:06,
test_result,845,,,,,,,,105,,,33,passed,2026-01-26T20:00:45,
test_result,846,,,,,,,,160,,,85,passed,2026-01-07T21:46:07,
test_result,847,,,,,,,,113,,,4,failed,2026-02-21T19:44:15,Increase social use write woman ago dinner. Spring whom talk very.
test_result,848,,,,,,,,12,,,85,failed,2026-03-30T12:44:24,
test_result,849,,,,,,,,102,,,12,passed,2026-03-12T21:00:48,Human sense budget to identify price plant suddenly. Lay up word enough.
test_result,850,,,,,,,,83,,,22,not_run,2026-01-21T09:52:12,Only last property heavy arm support hotel official. Chance trial rock ground follow her.
test_result,851,,,,,,,,172,,,44,blocked,2026-02-01T12:13:52,Important thought yard western thousand. Program treatment significant participant.
test_result,852,,,,,,,,21,,,38,passed,2026-03-16T16:13:27,Positive enter enter series.
test_result,853,,,,,,,,21,,,100,passed,2026-03-09T16:22:45,
test_result,854,,,,,,,,141,,,74,passed,2026-01-13T08:59:34,Mother rich maybe blue. People house glass recognize. Actually exist safe along.
test_result,855,,,,,,,,174,,,65,blocked,2026-02-23T09:07:33,
test_result,856,,,,,,,,144,,,87,not_run,2026-01-08T04:54:00,
test_result,857,,,,,,,,180,,,24,failed,2026-02-23T00:45:25,Message hundred if politics here past product. Assume place truth remain clear.
test_result,858,,,,,,,,23,,,36,not_run,2026-02-17T21:46:49,
test_result,859,,,,,,,,177,,,100,not_run,2026-01-04T11:10:59,
test_result,860,,,,,,,,131,,,12,blocked,2026-01-31T19:08:32,
test_result,861,,,,,,,,88,,,88,blocked,2026-04-02T19:38:21,
test_result,862,,,,,,,,37,,,39,not_run,2026-03-22T11:41:32,State home action drop. Small Mr issue training for. Last light above.
test_result,863,,,,,,,,32,,,88,failed,2026-02-15T00:18:05,Politics fly guess citizen without threat president. Good front reflect.
test_result,864,,,,,,,,19,,,45,not_run,2026-03-06T12:39:27,Part that color way wait truth. Less arm information. Remember stuff him almost own receive both.
test_result,865,,,,,,,,123,,,80,not_run,2026-02-09T04:58:04,Indicate left agent laugh to bill cell. From there standard tree source today her.
test_result,866,,,,,,,,85,,,40,blocked,2026-04-01T18:00:47,
test_result,867,,,,,,,,127,,,95,failed,2026-01-05T00:57:45,Process air already know. Quickly picture office throw same ability various little.
test_result,868,,,,,,,,177,,,32,passed,2026-02-06T06:25:37,
test_result,869,,,,,,,,48,,,77,blocked,2026-02-05T20:48:42,
test_result,870,,,,,,,,117,,,80,blocked,2026-03-16T03:53:57,Now material campaign break new quickly nearly. Pass issue firm money form kind.
test_result,871,,,,,,,,103,,,93,passed,2026-03-08T08:00:30,Return you decide answer cold since. Budget air consider seat skill or image.
test_result,872,,,,,,,,148,,,74,passed,2026-03-11T12:40:30,Region threat technology light. Wear option dinner ball of great former.
test_result,873,,,,,,,,21,,,89,failed,2026-01-09T00:44:57,Bank move fire day. Paper public half they court. Left true ask suggest.
test_result,874,,,,,,,,120,,,15,not_run,2026-03-10T14:28:33,Table test measure eat. Big statement official yeah assume military. Door next strong.
test_result,875,,,,,,,,200,,,68,passed,2026-03-09T01:33:40,Democrat arm fast play time local country. Control do yard street treatment senior course.
test_result,876,,,,,,,,166,,,66,passed,2026-01-08T01:38:16,
test_result,877,,,,,,,,91,,,52,blocked,2026-03-08T19:29:22,Remain finish southern to. Deal sing whether tend view. Trial history newspaper site current once.
test_result,878,,,,,,,,170,,,69,blocked,2026-04-01T01:55:07,
test_result,879,,,,,,,,38,,,76,not_run,2026-01-13T02:41:40,
test_result,880,,,,,,,,138,,,15,blocked,2026-03-19T20:29:14,
test_result,881,,,,,,,,174,,,33,passed,2026-02-01T00:17:07,To network let different. Learn every turn south. Economy coach authority meet seat.
test_result,882,,,,,,,,86,,,8,passed,2026-01-25T05:49:20,
test_result,883,,,,,,,,48,,,28,failed,2026-01-14T14:55:53,Despite somebody bad mention. Six heavy walk fill home car. Hotel rise Democrat out second develop.
test_result,884,,,,,,,,75,,,88,failed,2026-01-06T13:12:22,General office effect eight truth natural.
test_result,885,,,,,,,,159,,,49,failed,2026-01-13T17:04:24,Race PM stand point. Similar just commercial. Happy eight dark else address go.
test_result,886,,,,,,,,163,,,26,blocked,2026-03-14T23:02:09,
test_result,887,,,,,,,,174,,,87,failed,2026-01-22T07:00:00,Admit me student go Republican image. Place hotel hospital pass measure.
test_result,888,,,,,,,,17,,,91,failed,2026-02-02T00:59:13,Table word have. Some program positive drug couple power decade.
test_result,889,,,,,,,,74,,,28,not_run,2026-02-03T11:47:42,"Material road return memory interesting.
Door sit thus term door."
test_result,890,,,,,,,,177,,,65,not_run,2026-03-11T03:00:41,
test_result,891,,,,,,,,194,,,81,not_run,2026-02-03T19:23:26,
test_result,892,,,,,,,,46,,,62,failed,2026-04-03T18:08:53,"Key near plan each produce. Myself leg follow save.
Person idea including."
test_result,893,,,,,,,,189,,,27,not_run,2026-01-09T19:35:33,Attorney suggest author two hit. Congress professor already member. Plan hotel make along.
test_result,894,,,,,,,,94,,,4,not_run,2026-02-09T11:29:27,Process probably method prove song. West really less discuss. Station throw entire husband suffer.
test_result,895,,,,,,,,67,,,85,failed,2026-03-23T23:47:47,
test_result,896,,,,,,,,185,,,81,passed,2026-03-30T13:08:28,
test_result,897,,,,,,,,29,,,65,not_run,2026-01-18T22:12:06,
test_result,898,,,,,,,,63,,,88,passed,2026-01-16T10:57:29,Right under in movement represent goal collection his. Off industry rule.
test_result,899,,,,,,,,138,,,15,passed,2026-03-31T17:38:03,Without region grow look development present. Usually Republican something investment.
test_result,900,,,,,,,,108,,,26,blocked,2026-01-25T14:53:40,New treat itself hundred water make such.
test_result,901,,,,,,,,72,,,70,passed,2026-02-08T15:20:37,Can unit must.
test_result,902,,,,,,,,31,,,54,failed,2026-03-30T02:36:26,Available really it close focus project article.
test_result,903,,,,,,,,150,,,83,blocked,2026-01-02T13:43:41,Member land several follow south and require. Family practice party movie. Role modern character.
test_result,904,,,,,,,,79,,,7,blocked,2026-03-27T17:51:05,Yard upon big parent here risk full. At economic feel. Early real body alone record.
test_result,905,,,,,,,,163,,,4,not_run,2026-03-08T00:22:05,Save beat my between health fly special. Serve involve test address.
test_result,906,,,,,,,,52,,,94,failed,2026-03-11T20:59:56,Hit simple deal big more here. Receive alone share consumer. Take since agreement compare.
test_result,907,,,,,,,,185,,,35,blocked,2026-01-10T05:26:25,Chance shoulder never over result. Sound prepare message soon loss ask.
test_result,908,,,,,,,,136,,,9,not_run,2026-03-04T15:33:57,All occur too question soon for claim. Present fine tell spend.
test_result,909,,,,,,,,160,,,91,passed,2026-02-16T03:55:05,Least worker wear produce sing model. Thing skin bill year.
test_result,910,,,,,,,,17,,,54,passed,2026-03-23T12:11:27,
test_result,911,,,,,,,,17,,,5,not_run,2026-03-02T14:43:27,
test_result,912,,,,,,,,116,,,65,blocked,2026-03-24T12:47:01,
test_result,913,,,,,,,,182,,,49,not_run,2026-01-24T10:30:17,
test_result,914,,,,,,,,192,,,61,passed,2026-02-23T18:47:45,
test_result,915,,,,,,,,187,,,22,passed,2026-01-13T03:04:29,
test_result,916,,,,,,,,68,,,1,not_run,2026-01-09T19:47:44,
test_result,917,,,,,,,,121,,,24,blocked,2026-01-31T14:58:05,Hit computer television. Successful trip around school food little candidate statement.
test_result,918,,,,,,,,198,,,33,not_run,2026-01-11T22:10:18,
test_result,919,,,,,,,,93,,,29,not_run,2026-02-18T23:37:21,Clear local fill attack. Safe take no become.
test_result,920,,,,,,,,175,,,37,failed,2026-01-22T03:41:42,Song card girl. Second little source recently.
test_result,921,,,,,,,,59,,,93,not_run,2026-03-05T09:18:11,
test_result,922,,,,,,,,1,,,91,not_run,2026-02-26T23:20:53,Tend science decide recognize. Thing be century already senior late test game.
test_result,923,,,,,,,,91,,,58,not_run,2026-03-24T21:11:29,Foreign laugh truth if provide general. Mean like enjoy guy we movement base.
test_result,924,,,,,,,,36,,,57,failed,2026-01-28T09:44:26,
test_result,925,,,,,,,,173,,,58,failed,2026-01-27T21:31:05,Budget material anyone east. Forget season performance respond defense.
test_result,926,,,,,,,,167,,,43,blocked,2026-01-15T04:38:18,Window leave card child writer college. About instead down difficult want education perform.
test_result,927,,,,,,,,166,,,62,blocked,2026-03-24T12:07:31,They kitchen away worry evidence real.
test_result,928,,,,,,,,58,,,62,not_run,2026-03-03T11:11:56,Fish attorney must include throughout draw. Six describe realize bag indicate organization instead.
test_result,929,,,,,,,,65,,,58,passed,2026-03-29T01:22:02,
test_result,930,,,,,,,,192,,,9,passed,2026-03-24T15:10:53,
test_result,931,,,,,,,,90,,,2,not_run,2026-03-22T22:44:49,Word team perhaps until. What likely record analysis number. Charge forward game team.
test_result,932,,,,,,,,185,,,25,passed,2026-03-27T15:57:42,"Any tonight reveal. Night detail card them.
Summer task coach research. Western travel choose nice."
test_result,933,,,,,,,,161,,,87,blocked,2026-02-21T17:14:07,Choice question future should degree expect. Almost year evidence.
test_result,934,,,,,,,,147,,,9,blocked,2026-01-25T08:15:52,
test_result,935,,,,,,,,32,,,45,failed,2026-01-12T13:39:41,"Dream same piece view exactly forward open.
Management high one. Get first return rule establish."
test_result,936,,,,,,,,157,,,27,passed,2026-02-20T05:41:52,
test_result,937,,,,,,,,169,,,57,failed,2026-02-07T09:01:18,
test_result,938,,,,,,,,107,,,5,blocked,2026-01-23T16:47:23,Woman hospital computer cold our person feeling. Mouth while conference fight worker.
test_result,939,,,,,,,,160,,,47,not_run,2026-03-25T09:51:40,Help one tonight. Spring sit number behavior sense with.
test_result,940,,,,,,,,129,,,25,passed,2026-01-12T13:02:57,
test_result,941,,,,,,,,157,,,76,not_run,2026-02-20T21:56:10,One indicate least thank check million. House claim value inside thank play fund.
test_result,942,,,,,,,,88,,,70,passed,2026-02-20T11:24:53,
test_result,943,,,,,,,,194,,,24,failed,2026-03-03T04:16:51,Movie sit send tax eat business. Point shake look base thing easy former. Left trip us.
test_result,944,,,,,,,,35,,,34,passed,2026-01-26T05:45:01,Reveal study plan rate. Feel tough quickly type store two. Up yard itself must only plant.
test_result,945,,,,,,,,64,,,97,failed,2026-01-04T12:40:55,
test_result,946,,,,,,,,113,,,83,not_run,2026-03-05T11:40:15,
test_result,947,,,,,,,,100,,,75,failed,2026-01-11T14:07:12,
test_result,948,,,,,,,,61,,,34,not_run,2026-01-13T09:11:46,Indeed peace cost score outside. Young others impact line.
test_result,949,,,,,,,,171,,,61,not_run,2026-01-13T10:00:10,
test_result,950,,,,,,,,100,,,60,not_run,2026-03-17T12:07:13,
test_result,951,,,,,,,,78,,,10,failed,2026-01-15T16:12:43,Right bank soon reflect. Improve responsibility bit eye coach film brother.
test_result,952,,,,,,,,46,,,27,passed,2026-01-05T09:28:13,Require head likely president a ever data movie. Ever shake red drive Republican.
test_result,953,,,,,,,,51,,,40,failed,2026-01-20T18:10:13,Hope Mr against practice around.
test_result,954,,,,,,,,185,,,57,blocked,2026-03-02T00:18:36,
test_result,955,,,,,,,,128,,,74,not_run,2026-02-07T05:03:36,Financial worker pretty grow chance deal. Determine second state pull.
test_result,956,,,,,,,,160,,,46,failed,2026-01-18T15:41:03,Room leader believe half character factor executive.
test_result,957,,,,,,,,159,,,72,blocked,2026-03-24T20:02:22,
test_result,958,,,,,,,,185,,,50,not_run,2026-01-10T00:09:06,Personal five do baby fire. Tend trial police prove describe.
test_result,959,,,,,,,,29,,,73,not_run,2026-03-30T23:44:16,Democrat adult find area dream. Firm scene coach life sure. Onto foreign evidence hope.
test_result,960,,,,,,,,69,,,93,passed,2026-01-31T00:32:52,Set rather among laugh her what. Worry smile ball with long management play be.
test_result,961,,,,,,,,137,,,88,blocked,2026-01-12T19:48:33,
test_result,962,,,,,,,,1,,,89,passed,2026-03-20T16:21:18,Smile employee quality trial. Smile already building whatever.
test_result,963,,,,,,,,49,,,20,failed,2026-01-07T08:48:17,
test_result,964,,,,,,,,185,,,44,blocked,2026-01-02T18:48:10,Up walk them occur appear. Turn look pay blue hold.
test_result,965,,,,,,,,181,,,75,not_run,2026-03-11T16:53:09,West design mission agreement. Join help true indeed list point heavy.
test_result,966,,,,,,,,181,,,59,passed,2026-04-02T00:33:32,
test_result,967,,,,,,,,92,,,26,failed,2026-01-08T17:21:34,
test_result,968,,,,,,,,90,,,51,failed,2026-02-20T15:53:52,The available response interest. Art yeah agent from.
test_result,969,,,,,,,,112,,,61,failed,2026-01-21T20:20:44,Shake whose fact range should. Respond audience budget address. Star teach piece example wonder.
test_result,970,,,,,,,,166,,,48,not_run,2026-03-15T22:23:48,
test_result,971,,,,,,,,121,,,63,not_run,2026-01-05T13:45:01,"Figure explain let there. Glass from leave scientist develop war affect.
Loss item now."
test_result,972,,,,,,,,107,,,54,passed,2026-02-24T02:36:34,Station travel though traditional where challenge. More interview happen half staff.
test_result,973,,,,,,,,11,,,69,passed,2026-03-20T04:53:46,Some allow such total. Mission take anyone wish use. Guess can positive table every stage among.
test_result,974,,,,,,,,53,,,15,passed,2026-03-28T21:18:14,
test_result,975,,,,,,,,116,,,93,passed,2026-03-13T07:32:12,Standard defense visit behavior agree. Growth position unit hand.
test_result,976,,,,,,,,50,,,40,blocked,2026-01-08T16:44:32,
test_result,977,,,,,,,,32,,,15,failed,2026-01-02T02:55:39,
test_result,978,,,,,,,,76,,,62,not_run,2026-02-14T22:32:13,
test_result,979,,,,,,,,65,,,78,not_run,2026-03-14T08:15:11,
test_result,980,,,,,,,,142,,,90,blocked,2026-02-10T16:34:03,
test_result,981,,,,,,,,191,,,87,passed,2026-01-04T20:08:55,
test_result,982,,,,,,,,166,,,29,not_run,2026-01-19T23:29:35,
test_result,983,,,,,,,,151,,,42,failed,2026-01-14T05:49:18,Why set never speech eat crime drug. After thought six really down.
test_result,984,,,,,,,,14,,,99,passed,2026-01-17T10:17:39,Move require heart cultural only.
test_result,985,,,,,,,,82,,,69,not_run,2026-03-22T10:31:54,Trip child hard size. Fast tend somebody such must prove produce.
test_result,986,,,,,,,,104,,,18,blocked,2026-02-25T21:58:51,
test_result,987,,,,,,,,5,,,41,blocked,2026-02-23T09:43:15,Security full avoid difference. Budget which southern officer.
test_result,988,,,,,,,,147,,,28,passed,2026-02-13T10:42:35,Middle model now hear indeed create necessary nor.
test_result,989,,,,,,,,19,,,49,failed,2026-01-25T23:46:03,
test_result,990,,,,,,,,153,,,5,not_run,2026-01-17T13:58:19,
test_result,991,,,,,,,,87,,,90,blocked,2026-01-30T02:21:28,
test_result,992,,,,,,,,157,,,63,failed,2026-02-24T20:59:46,Threat entire the hit operation little. Quality race before word put.
test_result,993,,,,,,,,143,,,17,failed,2026-01-04T04:51:36,
test_result,994,,,,,,,,109,,,85,passed,2026-01-21T17:50:23,Consumer pressure network offer. See tough culture person.
test_result,995,,,,,,,,26,,,61,not_run,2026-02-28T08:36:27,College so right past in have smile. Season when camera start. Art story in section dream suggest.
test_result,996,,,,,,,,143,,,56,not_run,2026-03-15T16:08:57,
test_result,997,,,,,,,,164,,,2,not_run,2026-01-26T10:13:15,
test_result,998,,,,,,,,174,,,69,passed,2026-03-01T02:42:58,"Technology contain dinner.
Last role hit executive. Feel wait teach lead still test."
test_result,999,,,,,,,,101,,,92,blocked,2026-01-10T22:24:12,
test_result,1000,,,,,,,,25,,,97,failed,2026-01-03T12:04:27,
test_result,1001,,,,,,,,138,,,65,blocked,2026-03-21T04:48:16,
test_result,1002,,,,,,,,184,,,55,passed,2026-03-15T23:30:07,
test_result,1003,,,,,,,,129,,,92,failed,2026-02-19T07:34:22,
test_result,1004,,,,,,,,31,,,95,passed,2026-02-21T12:29:44,
test_result,1005,,,,,,,,182,,,13,not_run,2026-02-10T11:27:35,Act street help society word. Plan my serve current.
test_result,1006,,,,,,,,182,,,94,not_run,2026-03-25T13:57:30,
test_result,1007,,,,,,,,75,,,88,not_run,2026-03-27T13:11:18,
test_result,1008,,,,,,,,152,,,25,blocked,2026-01-21T21:52:50,
test_result,1009,,,,,,,,2,,,81,failed,2026-03-29T05:30:38,Hot represent throw carry. Plant language hot someone.
test_result,1010,,,,,,,,69,,,57,failed,2026-01-16T01:44:47,All plan leave short image idea. Account officer another right participant room physical.
test_result,1011,,,,,,,,43,,,52,passed,2026-02-15T17:34:06,
test_result,1012,,,,,,,,181,,,20,not_run,2026-03-13T11:43:51,"Less reflect leg beyond law seem.
Itself bed ok."
test_result,1013,,,,,,,,108,,,61,not_run,2026-03-20T16:57:22,
test_result,1014,,,,,,,,77,,,68,not_run,2026-01-20T23:33:06,Talk true myself now. Help maybe I heart teach because during.
test_result,1015,,,,,,,,6,,,58,passed,2026-03-22T08:26:22,
test_result,1016,,,,,,,,192,,,57,passed,2026-02-16T07:20:34,Hope century personal case security home thing. Our success after safe care.
test_result,1017,,,,,,,,96,,,51,passed,2026-03-26T03:45:20,Before significant door education participant. Choose could cost suddenly now world watch.
test_result,1018,,,,,,,,130,,,63,blocked,2026-03-30T12:24:16,
test_result,1019,,,,,,,,136,,,41,not_run,2026-02-13T19:38:07,
test_result,1020,,,,,,,,88,,,78,failed,2026-01-16T19:19:19,
test_result,1021,,,,,,,,56,,,66,passed,2026-03-27T06:59:10,Home show explain fund play begin mention. Police blood important husband.
test_result,1022,,,,,,,,77,,,45,failed,2026-03-11T07:42:53,Sea to south continue goal modern fund.
test_result,1023,,,,,,,,35,,,30,blocked,2026-01-21T12:56:45,
test_result,1024,,,,,,,,10,,,47,passed,2026-03-16T13:51:37,Interest light partner tell use bill market. Live part mind will.
test_result,1025,,,,,,,,2,,,12,passed,2026-02-07T02:00:43,Try others story worry travel military operation. Position scientist either everyone.
test_result,1026,,,,,,,,13,,,52,passed,2026-01-30T20:50:12,
test_result,1027,,,,,,,,20,,,100,not_run,2026-03-25T09:39:45,A hospital morning. Operation rich recently remain.
test_result,1028,,,,,,,,62,,,40,failed,2026-03-26T12:45:26,Rich every table finally speech region. Town specific office development poor. Trade western the.
test_result,1029,,,,,,,,11,,,25,passed,2026-02-13T08:29:28,
test_result,1030,,,,,,,,64,,,61,blocked,2026-02-15T17:09:28,
test_result,1031,,,,,,,,164,,,71,not_run,2026-02-11T06:47:24,
test_result,1032,,,,,,,,148,,,15,not_run,2026-02-14T05:32:09,
test_result,1033,,,,,,,,36,,,85,passed,2026-01-10T11:42:20,Really represent question view spring grow important. Show police first. Sense history court argue.
test_result,1034,,,,,,,,118,,,45,passed,2026-03-25T05:55:37,Amount reach stuff. Watch case policy almost hotel course.
test_result,1035,,,,,,,,142,,,97,not_run,2026-02-23T10:52:15,
test_result,1036,,,,,,,,183,,,12,blocked,2026-02-03T01:37:28,Peace wish word record. Dream grow wind shoulder dog low owner.
test_result,1037,,,,,,,,23,,,27,blocked,2026-02-06T22:15:11,Mind back seven prevent entire.
test_result,1038,,,,,,,,141,,,84,not_run,2026-01-19T14:32:52,
test_result,1039,,,,,,,,81,,,80,not_run,2026-03-10T07:25:46,Operation hold prepare impact international.
test_result,1040,,,,,,,,87,,,30,blocked,2026-03-17T21:02:44,
test_result,1041,,,,,,,,85,,,81,passed,2026-03-05T18:40:32,
test_result,1042,,,,,,,,154,,,49,passed,2026-03-18T01:05:11,Sister interesting establish just such.
test_result,1043,,,,,,,,110,,,63,passed,2026-01-14T18:04:24,
test_result,1044,,,,,,,,58,,,26,failed,2026-02-10T16:12:20,
test_result,1045,,,,,,,,16,,,27,passed,2026-03-04T00:31:25,Structure event return drug central. Card box usually tonight red big.
test_result,1046,,,,,,,,101,,,18,blocked,2026-02-24T19:35:13,Firm example production drug toward himself. Provide final order our offer state husband.
test_result,1047,,,,,,,,161,,,80,failed,2026-02-25T12:14:35,Degree herself give candidate everyone. Teacher would Republican many pattern.
test_result,1048,,,,,,,,69,,,51,not_run,2026-03-02T21:07:27,"Employee pick as event you Mr.
Better eye bar office discover star small. Three thank go."
test_result,1049,,,,,,,,199,,,29,not_run,2026-03-07T21:20:17,
test_result,1050,,,,,,,,101,,,51,not_run,2026-01-06T00:10:39,Where wall home quickly. Reason American American travel simple.
test_result,1051,,,,,,,,41,,,70,failed,2026-01-08T05:34:11,
test_result,1052,,,,,,,,71,,,53,failed,2026-02-24T04:49:34,Do million good wife why our say. Most act nothing player information. Eye nor consider ready if.
test_result,1053,,,,,,,,53,,,37,blocked,2026-02-19T18:50:20,Wall on music room however by. Without difference certainly former.
test_result,1054,,,,,,,,48,,,91,blocked,2026-02-28T02:26:42,
test_result,1055,,,,,,,,48,,,37,blocked,2026-01-17T15:18:45,Especially cover key morning couple. According fast wall deal answer.
test_result,1056,,,,,,,,91,,,2,not_run,2026-03-06T14:52:18,Beat memory dog. Lay act program our. Mention charge economic production.
test_result,1057,,,,,,,,86,,,98,failed,2026-01-12T14:59:01,
test_result,1058,,,,,,,,184,,,22,failed,2026-03-14T05:33:13,Owner want respond marriage next also billion. Wide yourself sport work business.
test_result,1059,,,,,,,,8,,,56,not_run,2026-02-03T16:10:28,Mind say notice anything team natural. Either protect treatment response main medical owner.
test_result,1060,,,,,,,,129,,,16,passed,2026-01-05T02:18:28,Sister least method these. Also section never television between idea contain. Stuff lead Mr.
test_result,1061,,,,,,,,37,,,62,failed,2026-03-05T15:04:30,
test_result,1062,,,,,,,,178,,,70,passed,2026-02-12T15:56:46,Scene international current. Popular black they.
test_result,1063,,,,,,,,112,,,84,blocked,2026-02-02T01:19:57,
test_result,1064,,,,,,,,129,,,67,blocked,2026-02-18T11:32:31,
test_result,1065,,,,,,,,30,,,63,failed,2026-02-27T16:30:58,Arrive consider alone especially. Pay mouth federal shake.
test_result,1066,,,,,,,,25,,,18,not_run,2026-02-28T18:56:33,Its across establish reduce. Yeah theory recently summer. Drop know become necessary weight.
test_result,1067,,,,,,,,6,,,81,not_run,2026-03-18T09:55:55,General specific week join day sell center near. Hair election cover claim. Owner question whom.
test_result,1068,,,,,,,,153,,,19,blocked,2026-03-04T15:46:07,Risk country drive hand but. Food bring table.
test_result,1069,,,,,,,,188,,,35,blocked,2026-03-11T14:40:24,Energy seem choice moment image stop age. Difficult program clear people.
test_result,1070,,,,,,,,5,,,60,not_run,2026-02-02T06:04:38,
test_result,1071,,,,,,,,178,,,36,failed,2026-03-30T18:53:11,Beat wear each fire foreign something vote. Black toward no eat choice.
test_result,1072,,,,,,,,116,,,13,blocked,2026-02-21T09:59:11,
test_result,1073,,,,,,,,124,,,63,passed,2026-01-23T06:17:47,
test_result,1074,,,,,,,,138,,,33,not_run,2026-01-21T18:20:18,
test_result,1075,,,,,,,,96,,,36,not_run,2026-01-12T06:38:23,
test_result,1076,,,,,,,,142,,,81,failed,2026-01-10T01:56:29,
test_result,1077,,,,,,,,16,,,89,not_run,2026-02-12T13:17:04,Practice yard watch remain before hit expert. Democratic growth country everyone popular buy.
test_result,1078,,,,,,,,188,,,86,failed,2026-03-15T18:00:51,
test_result,1079,,,,,,,,126,,,47,not_run,2026-04-01T14:17:31,Country never he stay happen large. Subject lay human natural sing area usually.
test_result,1080,,,,,,,,19,,,72,not_run,2026-02-22T23:38:20,Student charge physical discussion. Dinner story who believe point against billion.
test_result,1081,,,,,,,,84,,,95,passed,2026-03-21T11:17:07,
test_result,1082,,,,,,,,96,,,47,blocked,2026-02-15T14:48:51,
test_result,1083,,,,,,,,160,,,26,failed,2026-03-18T20:08:26,Matter society people book theory finish performance. Environment result protect how share.
test_result,1084,,,,,,,,153,,,39,failed,2026-02-11T19:49:50,
test_result,1085,,,,,,,,195,,,19,not_run,2026-04-02T13:11:54,
test_result,1086,,,,,,,,15,,,63,not_run,2026-04-03T22:34:43,Data down believe resource public. But forward response yeah large author.
test_result,1087,,,,,,,,36,,,46,blocked,2026-04-03T15:31:50,Air environment leader its peace. Book make heavy popular agree.
test_result,1088,,,,,,,,123,,,23,failed,2026-01-11T20:29:23,Concern option debate rate light security. Already bank training do.
test_result,1089,,,,,,,,183,,,97,failed,2026-01-05T11:12:54,
test_result,1090,,,,,,,,161,,,57,failed,2026-01-11T04:46:25,"Six challenge show list movement maintain.
Happen imagine of the. Activity past today yet rate."
test_result,1091,,,,,,,,199,,,62,not_run,2026-04-02T23:33:53,Guy blood blue man several nature new. Cost current activity resource.
test_result,1092,,,,,,,,41,,,75,blocked,2026-02-21T08:28:13,
test_result,1093,,,,,,,,114,,,54,blocked,2026-03-16T20:04:30,
test_result,1094,,,,,,,,77,,,25,passed,2026-01-30T00:58:55,Line skill suddenly group the line choose maintain. Agency agree street expect song order its.
test_result,1095,,,,,,,,99,,,14,not_run,2026-01-06T21:23:19,
test_result,1096,,,,,,,,79,,,67,passed,2026-01-31T07:04:33,Chance trouble serve. Interview amount few gun. Tonight general world.
test_result,1097,,,,,,,,195,,,77,not_run,2026-01-06T00:27:43,
test_result,1098,,,,,,,,142,,,33,not_run,2026-02-11T01:40:16,
test_result,1099,,,,,,,,80,,,64,failed,2026-03-26T09:08:20,System conference anything himself people toward mission. Head reality include inside.
test_result,1100,,,,,,,,125,,,31,blocked,2026-02-24T04:44:07,
test_result,1101,,,,,,,,31,,,93,passed,2026-01-20T16:26:47,Mr speech any matter. Unit gas husband world including everyone.
test_result,1102,,,,,,,,197,,,6,not_run,2026-03-14T11:57:33,
test_result,1103,,,,,,,,190,,,93,failed,2026-01-18T12:54:02,
test_result,1104,,,,,,,,190,,,70,passed,2026-01-09T14:49:38,
test_result,1105,,,,,,,,135,,,35,failed,2026-02-04T10:17:52,
test_result,1106,,,,,,,,144,,,92,blocked,2026-02-16T18:48:24,
test_result,1107,,,,,,,,10,,,62,failed,2026-03-23T09:00:26,
test_result,1108,,,,,,,,102,,,56,failed,2026-03-29T14:30:58,
test_result,1109,,,,,,,,76,,,54,blocked,2026-01-17T14:05:18,
test_result,1110,,,,,,,,8,,,20,not_run,2026-02-14T15:01:40,
test_result,1111,,,,,,,,26,,,85,blocked,2026-02-02T19:27:55,
test_result,1112,,,,,,,,14,,,53,passed,2026-02-16T23:31:53,
test_result,1113,,,,,,,,89,,,47,passed,2026-03-31T19:21:38,Miss baby strong machine. Woman military raise. Senior fine exist hand treatment.
test_result,1114,,,,,,,,189,,,8,not_run,2026-03-24T07:36:37,Laugh change quite night. Sport blue feeling never.
test_result,1115,,,,,,,,180,,,12,blocked,2026-03-09T02:42:53,
test_result,1116,,,,,,,,75,,,32,passed,2026-01-31T13:05:48,Season record wide artist than happy view. Opportunity fill feel serious.
test_result,1117,,,,,,,,71,,,73,failed,2026-03-05T16:25:55,Pay show other so key. No your better large.
test_result,1118,,,,,,,,15,,,65,not_run,2026-03-05T16:18:22,Produce as manage stuff stay within. Success garden both hot road ability keep expert.
test_result,1119,,,,,,,,48,,,60,blocked,2026-03-14T19:58:25,Article doctor central notice. Once choice way coach administration.
test_result,1120,,,,,,,,195,,,66,not_run,2026-03-01T21:04:36,
test_result,1121,,,,,,,,91,,,10,not_run,2026-01-13T18:51:06,
test_result,1122,,,,,,,,89,,,32,blocked,2026-01-15T00:05:01,
test_result,1123,,,,,,,,77,,,95,not_run,2026-01-27T01:36:12,Financial money treatment protect word lead control.
test_result,1124,,,,,,,,172,,,5,not_run,2026-03-03T16:56:50,Popular other Mrs get able.
test_result,1125,,,,,,,,99,,,37,blocked,2026-01-06T23:27:19,But true leader. Population Mr product factor lead rather show.
test_result,1126,,,,,,,,124,,,18,failed,2026-03-02T19:34:03,
test_result,1127,,,,,,,,15,,,76,passed,2026-03-16T10:00:28,
test_result,1128,,,,,,,,31,,,1,blocked,2026-02-03T04:50:44,Morning just little shake. Member action large.
test_result,1129,,,,,,,,185,,,87,failed,2026-03-21T00:28:42,
test_result,1130,,,,,,,,40,,,14,blocked,2026-01-04T06:11:00,Live discussion look. Very next buy school style. Service type effort medical full.
test_result,1131,,,,,,,,152,,,45,failed,2026-03-13T14:08:05,"Response window summer only cut.
Why commercial choose middle together. Guy bad yes history."
test_result,1132,,,,,,,,134,,,32,passed,2026-03-09T16:33:00,
test_result,1133,,,,,,,,76,,,78,failed,2026-01-06T12:03:43,
test_result,1134,,,,,,,,73,,,24,failed,2026-03-25T18:33:34,
test_result,1135,,,,,,,,32,,,14,blocked,2026-02-23T09:39:36,Everything week test affect these law. Degree first call study. Since chair report people my first.
test_result,1136,,,,,,,,181,,,78,failed,2026-03-01T19:26:44,
test_result,1137,,,,,,,,51,,,85,not_run,2026-03-20T00:45:11,
test_result,1138,,,,,,,,184,,,18,passed,2026-01-24T20:40:04,
test_result,1139,,,,,,,,143,,,77,not_run,2026-02-18T00:50:29,
test_result,1140,,,,,,,,42,,,74,passed,2026-02-25T15:46:00,Activity on everybody wear name rule. Ahead local know chance. Show fact few key defense.
test_result,1141,,,,,,,,156,,,67,passed,2026-01-08T13:03:46,Media hit above second north end. Director sister rise middle.
test_result,1142,,,,,,,,101,,,2,not_run,2026-03-14T04:51:27,Surface consumer apply dream view.
test_result,1143,,,,,,,,46,,,71,not_run,2026-02-13T20:34:23,
test_result,1144,,,,,,,,58,,,81,passed,2026-01-19T02:01:13,
test_result,1145,,,,,,,,171,,,50,failed,2026-01-21T20:51:23,
test_result,1146,,,,,,,,60,,,52,blocked,2026-03-01T11:25:20,
test_result,1147,,,,,,,,198,,,100,failed,2026-03-26T00:24:50,The professor between this almost represent. Strategy site protect space.
test_result,1148,,,,,,,,103,,,38,not_run,2026-01-06T03:12:50,Visit cause team generation. Available increase economic risk per rise modern wrong.
test_result,1149,,,,,,,,55,,,100,failed,2026-03-13T08:24:15,
test_result,1150,,,,,,,,150,,,25,failed,2026-03-23T19:59:05,Control first model how attorney.
test_result,1151,,,,,,,,142,,,73,not_run,2026-03-03T15:18:20,Tell score me mean. Travel list feeling high.
test_result,1152,,,,,,,,114,,,36,not_run,2026-01-19T11:32:44,
test_result,1153,,,,,,,,104,,,43,failed,2026-01-22T05:34:42,
test_result,1154,,,,,,,,105,,,31,not_run,2026-02-22T06:01:44,
test_result,1155,,,,,,,,17,,,17,not_run,2026-01-20T10:46:12,"Recently hope ability budget. Discover history country term describe.
Parent there forget sign."
test_result,1156,,,,,,,,22,,,98,blocked,2026-02-12T14:33:04,Soon government from building team. Three each describe agree. In including per of law point.
test_result,1157,,,,,,,,16,,,70,failed,2026-03-04T07:18:23,Business position although job indeed. Method there police line happy you sign.
test_result,1158,,,,,,,,108,,,20,failed,2026-04-02T22:51:25,Painting space pay account.
test_result,1159,,,,,,,,113,,,31,blocked,2026-01-19T15:00:14,Note window work modern activity mouth. Create explain television participant laugh hit tax.
test_result,1160,,,,,,,,115,,,10,passed,2026-02-14T15:14:54,
test_result,1161,,,,,,,,115,,,32,passed,2026-02-21T08:19:03,
test_result,1162,,,,,,,,128,,,59,failed,2026-03-13T04:44:33,
test_result,1163,,,,,,,,85,,,4,not_run,2026-03-18T02:59:14,Than cause difference end number source quickly. Outside often only worker Mr out key possible.
test_result,1164,,,,,,,,123,,,19,passed,2026-01-12T04:19:22,Nor scientist program owner my often manager. No enough into show society maintain rich.
test_result,1165,,,,,,,,163,,,88,passed,2026-01-18T18:56:46,Anyone worry military sea sell. Not collection ready reveal.
test_result,1166,,,,,,,,175,,,48,passed,2026-01-11T05:28:51,Actually particular economy parent eat worker company. Success rule reflect treatment wrong him.
test_result,1167,,,,,,,,82,,,14,failed,2026-01-10T14:32:47,
test_result,1168,,,,,,,,108,,,45,not_run,2026-04-02T10:09:09,Single ability within great water deep. Response cause board evidence green two without.
test_result,1169,,,,,,,,81,,,12,failed,2026-03-10T21:24:31,Possible process police current. Exist specific sell area law front type.
test_result,1170,,,,,,,,54,,,21,passed,2026-01-03T21:10:52,Ability young everybody standard meet. Carry officer risk attack activity.
test_result,1171,,,,,,,,148,,,99,blocked,2026-01-17T12:08:18,
test_result,1172,,,,,,,,25,,,9,failed,2026-02-13T00:54:52,
test_result,1173,,,,,,,,152,,,75,blocked,2026-03-24T17:37:49,
test_result,1174,,,,,,,,116,,,56,not_run,2026-01-23T09:28:50,
test_result,1175,,,,,,,,96,,,87,not_run,2026-02-14T06:07:12,
test_result,1176,,,,,,,,188,,,86,passed,2026-01-09T16:11:58,
test_result,1177,,,,,,,,75,,,5,failed,2026-02-06T11:40:24,Movie high not person. Meet play situation politics. Friend along team with.
test_result,1178,,,,,,,,144,,,46,blocked,2026-02-17T20:00:38,"Think along add pretty reach keep. However late arm effort make range machine.
Mr drive impact."
test_result,1179,,,,,,,,52,,,41,blocked,2026-01-02T08:03:51,
test_result,1180,,,,,,,,5,,,97,blocked,2026-04-03T17:12:49,
test_result,1181,,,,,,,,91,,,36,not_run,2026-01-01T17:19:08,Final hair each. Company action wrong successful much huge rule.
test_result,1182,,,,,,,,94,,,8,passed,2026-01-15T12:03:48,
test_result,1183,,,,,,,,70,,,80,passed,2026-03-30T19:23:27,Why by discover check doctor young stage. Citizen keep among peace.
test_result,1184,,,,,,,,98,,,26,not_run,2026-03-03T19:46:41,Security sometimes machine job check. Indicate reason approach anyone. Girl few detail top baby.
test_result,1185,,,,,,,,191,,,98,passed,2026-03-07T21:24:17,
test_result,1186,,,,,,,,133,,,77,blocked,2026-01-28T17:48:13,Truth attack machine realize evidence newspaper doctor. President successful hand young professor.
test_result,1187,,,,,,,,193,,,50,passed,2026-02-21T04:47:44,
test_result,1188,,,,,,,,51,,,55,not_run,2026-02-15T23:47:50,Anyone might customer six. From myself career cell.
test_result,1189,,,,,,,,9,,,79,failed,2026-01-28T06:17:12,
test_result,1190,,,,,,,,132,,,30,not_run,2026-01-08T06:49:05,
test_result,1191,,,,,,,,63,,,86,not_run,2026-02-12T14:24:01,
test_result,1192,,,,,,,,135,,,19,not_run,2026-03-30T22:51:48,
test_result,1193,,,,,,,,151,,,1,blocked,2026-03-05T03:22:22,Dark bank article everyone ball member road. Sort next nice light.
test_result,1194,,,,,,,,6,,,28,not_run,2026-01-29T04:03:03,
test_result,1195,,,,,,,,70,,,48,not_run,2026-02-05T22:50:09,
test_result,1196,,,,,,,,106,,,79,failed,2026-02-24T06:05:41,Own want great improve break growth star.
test_result,1197,,,,,,,,160,,,40,failed,2026-03-27T16:46:42,
test_result,1198,,,,,,,,179,,,83,not_run,2026-03-26T02:53:01,Town majority reflect eight.
test_result,1199,,,,,,,,50,,,44,failed,2026-02-06T14:08:00,
test_result,1200,,,,,,,,18,,,31,blocked,2026-01-02T02:42:03,Word meeting environmental. Especially again drive put company ever seek.
test_result,1201,,,,,,,,52,,,99,blocked,2026-03-14T10:38:37,
test_result,1202,,,,,,,,129,,,38,failed,2026-03-16T15:04:14,
test_result,1203,,,,,,,,6,,,27,not_run,2026-03-15T12:01:09,About space far during. Suffer exist more others old across fish.
test_result,1204,,,,,,,,137,,,21,passed,2026-01-03T16:39:29,
test_result,1205,,,,,,,,179,,,90,blocked,2026-01-19T08:42:06,Bit move themselves.
test_result,1206,,,,,,,,12,,,64,passed,2026-03-26T14:12:13,Color try bag court admit. Television official open present. Cost base stand visit.
test_result,1207,,,,,,,,113,,,69,passed,2026-04-02T14:55:28,
test_result,1208,,,,,,,,39,,,23,not_run,2026-03-25T14:39:43,
test_result,1209,,,,,,,,166,,,2,failed,2026-03-23T12:24:57,
test_result,1210,,,,,,,,8,,,44,passed,2026-02-18T03:00:59,
test_result,1211,,,,,,,,18,,,70,failed,2026-01-09T23:16:28,
test_result,1212,,,,,,,,26,,,33,passed,2026-01-08T11:49:07,
test_result,1213,,,,,,,,190,,,35,not_run,2026-01-06T21:04:05,Learn interest interest the. Design left simply style end dream five forward.
test_result,1214,,,,,,,,126,,,56,failed,2026-01-15T20:54:33,
test_result,1215,,,,,,,,77,,,46,failed,2026-03-30T06:16:29,
test_result,1216,,,,,,,,127,,,54,blocked,2026-01-07T22:54:57,
test_result,1217,,,,,,,,72,,,40,failed,2026-03-25T18:11:55,Herself wall eight behavior protect. Certain its become debate art cup.
test_result,1218,,,,,,,,125,,,6,blocked,2026-03-24T08:26:10,Itself my free building her wrong. Stuff eat especially maybe politics smile investment.
test_result,1219,,,,,,,,47,,,39,failed,2026-03-27T16:27:14,Its face member visit. Situation fact third partner few senior.
test_result,1220,,,,,,,,41,,,96,failed,2026-01-26T00:16:15,Tree write tax may. Heavy kitchen feeling enjoy charge month him agent.
test_result,1221,,,,,,,,125,,,2,passed,2026-02-11T20:56:11,
test_result,1222,,,,,,,,138,,,29,blocked,2026-01-05T10:44:53,Six dog life check cause. Why argue identify write they strategy great. Sell foreign seven person.
test_result,1223,,,,,,,,152,,,84,not_run,2026-01-06T17:12:57,Mouth executive force offer front difficult. Soldier keep clearly involve.
test_result,1224,,,,,,,,189,,,95,blocked,2026-03-19T23:11:18,Strategy child American half position pull. Finish response tend stage Republican.
test_result,1225,,,,,,,,106,,,100,failed,2026-02-25T15:59:38,Perhaps and particular rather goal knowledge. Resource interview their impact anyone.
test_result,1226,,,,,,,,111,,,50,not_run,2026-02-27T23:24:22,Report sea American teacher whatever board. It phone policy generation student front.
test_result,1227,,,,,,,,103,,,18,not_run,2026-03-28T17:51:50,
test_result,1228,,,,,,,,161,,,7,not_run,2026-01-31T19:09:43,Generation attack reality run offer star edge but. Green year step. Myself question unit.
test_result,1229,,,,,,,,171,,,25,not_run,2026-02-20T02:42:47,
test_result,1230,,,,,,,,110,,,68,not_run,2026-02-19T19:02:03,
test_result,1231,,,,,,,,166,,,5,failed,2026-02-09T12:40:58,
test_result,1232,,,,,,,,176,,,73,passed,2026-03-22T03:30:33,
test_result,1233,,,,,,,,35,,,74,failed,2026-01-15T15:05:36,Time wife public sport cultural pattern stuff class. Idea contain memory word address.
test_result,1234,,,,,,,,192,,,21,failed,2026-03-03T16:54:19,
test_result,1235,,,,,,,,128,,,27,passed,2026-02-20T02:49:08,Remember race Congress guess. Television camera theory although.
test_result,1236,,,,,,,,7,,,96,not_run,2026-03-08T20:53:56,
test_result,1237,,,,,,,,163,,,60,failed,2026-01-11T11:33:34,
test_result,1238,,,,,,,,176,,,48,not_run,2026-01-27T04:34:32,
test_result,1239,,,,,,,,192,,,22,passed,2026-03-25T17:12:44,Cell partner guy think. Deal black body on among win increase. Without defense real second.
test_result,1240,,,,,,,,115,,,93,not_run,2026-02-16T17:58:19,
test_result,1241,,,,,,,,93,,,5,failed,2026-01-05T13:30:24,
test_result,1242,,,,,,,,70,,,49,passed,2026-03-28T15:23:47,Happy consumer build hundred physical discuss.
test_result,1243,,,,,,,,171,,,18,not_run,2026-02-25T23:58:54,Save shake put bring teacher individual. School certainly window.
test_result,1244,,,,,,,,37,,,66,not_run,2026-01-06T10:54:12,Forward relationship buy standard so only. Book care majority benefit fight ground why maintain.
test_result,1245,,,,,,,,37,,,66,passed,2026-02-16T15:43:11,
test_result,1246,,,,,,,,57,,,26,not_run,2026-03-14T11:38:57,
test_result,1247,,,,,,,,40,,,5,failed,2026-03-23T18:05:06,Detail watch person seek radio writer adult. Pay stage cup worry window glass under great.
test_result,1248,,,,,,,,188,,,39,failed,2026-02-15T04:51:31,Character well ever affect television among every within. Person your for put.
test_result,1249,,,,,,,,96,,,58,failed,2026-02-06T07:43:52,
test_result,1250,,,,,,,,79,,,36,not_run,2026-02-20T11:22:52,
test_result,1251,,,,,,,,107,,,77,not_run,2026-03-01T00:10:28,Year community provide price new policy difference.
test_result,1252,,,,,,,,99,,,44,passed,2026-02-03T08:46:45,
test_result,1253,,,,,,,,22,,,35,failed,2026-01-08T20:29:10,
test_result,1254,,,,,,,,169,,,37,not_run,2026-01-21T12:34:54,Owner partner least myself. You prepare many strategy participant.
test_result,1255,,,,,,,,8,,,50,passed,2026-02-07T11:22:04,Talk along describe surface. Glass blood fear song town camera million.
test_result,1256,,,,,,,,20,,,59,failed,2026-01-02T04:40:52,
test_result,1257,,,,,,,,77,,,12,not_run,2026-02-20T01:05:09,
test_result,1258,,,,,,,,93,,,74,not_run,2026-02-15T15:57:37,
test_result,1259,,,,,,,,64,,,32,not_run,2026-03-29T05:29:22,Response perhaps your consider hotel task ground. Himself it lead deep firm mission.
test_result,1260,,,,,,,,195,,,25,blocked,2026-02-28T07:58:09,
test_result,1261,,,,,,,,146,,,5,passed,2026-02-11T00:35:12,
test_result,1262,,,,,,,,65,,,7,blocked,2026-02-06T22:27:59,Either certain something ten marriage argue degree husband. Next woman nice threat member.
test_result,1263,,,,,,,,156,,,76,passed,2026-02-16T08:16:07,
test_result,1264,,,,,,,,48,,,95,passed,2026-03-19T00:25:08,Best must data either design our. Indicate public cell high design baby.
test_result,1265,,,,,,,,29,,,80,blocked,2026-03-07T13:22:49,
test_result,1266,,,,,,,,27,,,92,not_run,2026-03-20T10:09:22,Option product increase cost. Expect there score suffer fact. Institution guess which whatever oil.
test_result,1267,,,,,,,,31,,,19,passed,2026-03-23T20:51:26,
test_result,1268,,,,,,,,195,,,54,passed,2026-02-13T15:21:15,And find international ability million major key. Machine story place off measure a.
test_result,1269,,,,,,,,52,,,47,passed,2026-02-06T13:55:11,Support use you leave significant somebody task.
test_result,1270,,,,,,,,110,,,50,not_run,2026-03-30T07:06:13,
test_result,1271,,,,,,,,161,,,81,not_run,2026-02-09T14:07:35,
test_result,1272,,,,,,,,104,,,69,failed,2026-03-21T23:01:43,Ready scene country thought. Accept bit couple provide manager.
test_result,1273,,,,,,,,43,,,20,not_run,2026-03-31T01:37:43,Wind institution high teach. Future quite week sister difficult. Plan firm such listen add mind.
test_result,1274,,,,,,,,95,,,17,passed,2026-01-24T23:06:55,Point particularly international PM. Partner you but moment cultural choose.
test_result,1275,,,,,,,,157,,,19,not_run,2026-02-23T21:46:44,Third thing bill race.
test_result,1276,,,,,,,,28,,,37,failed,2026-03-27T10:16:31,
test_result,1277,,,,,,,,79,,,89,failed,2026-01-16T06:21:32,"History leg me skill. Two everybody forward already.
Tax seat save little second drug dog unit."
test_result,1278,,,,,,,,195,,,67,failed,2026-03-30T18:21:56,
test_result,1279,,,,,,,,116,,,87,failed,2026-03-06T06:19:20,Fact home main break wall. Century again save foot. Buy affect may.
test_result,1280,,,,,,,,110,,,5,not_run,2026-02-15T10:18:44,
test_result,1281,,,,,,,,199,,,58,not_run,2026-01-13T00:10:58,Tax less have enter option. Two marriage beautiful enjoy light partner speech.
test_result,1282,,,,,,,,140,,,19,not_run,2026-03-20T03:27:25,Voice effect plant cold. Language let amount future.
test_result,1283,,,,,,,,190,,,95,not_run,2026-03-31T23:44:28,Blue carry southern who his. Focus blood color. Study authority town assume relate yet another.
test_result,1284,,,,,,,,103,,,48,not_run,2026-01-18T08:22:17,Democratic let contain thing share sure. Decide gun allow fact thank.
test_result,1285,,,,,,,,144,,,96,failed,2026-02-11T13:52:43,Truth number measure wait unit. Happen his mention. Enter yeah story.
test_result,1286,,,,,,,,83,,,67,failed,2026-02-20T10:31:53,Enjoy ask industry class thought however whole. Imagine toward rich than morning son.
test_result,1287,,,,,,,,116,,,68,blocked,2026-02-05T07:24:35,
test_result,1288,,,,,,,,111,,,42,passed,2026-02-11T14:55:27,Use evidence our pass stuff. Perform nor source claim behavior about.
test_result,1289,,,,,,,,24,,,15,passed,2026-02-11T04:43:06,Box top bank state evening gas. Remain have boy affect pattern maintain.
test_result,1290,,,,,,,,14,,,48,not_run,2026-02-17T20:53:52,
test_result,1291,,,,,,,,27,,,89,passed,2026-01-09T12:10:11,Travel camera type himself activity price other. Sometimes again respond store dream.
test_result,1292,,,,,,,,141,,,24,blocked,2026-02-07T11:30:11,Win over response small meeting. Last way yes their difference born anything.
test_result,1293,,,,,,,,95,,,77,failed,2026-03-10T03:41:57,Point organization country.
test_result,1294,,,,,,,,197,,,41,passed,2026-02-15T11:47:46,
test_result,1295,,,,,,,,62,,,26,failed,2026-02-02T07:21:01,Condition market catch age.
test_result,1296,,,,,,,,90,,,58,failed,2026-01-28T12:44:43,
test_result,1297,,,,,,,,101,,,70,failed,2026-02-08T06:23:06,Institution into either hour down article seven. East usually firm enough.
test_result,1298,,,,,,,,125,,,26,not_run,2026-03-30T02:51:13,
test_result,1299,,,,,,,,162,,,100,not_run,2026-01-11T07:43:26,Debate edge quite president age. Participant laugh for anything food.
test_result,1300,,,,,,,,7,,,55,blocked,2026-01-01T19:05:53,Line until specific authority teacher voice. Beyond door no. Already name site audience.
test_result,1301,,,,,,,,118,,,65,not_run,2026-03-06T05:52:34,
test_result,1302,,,,,,,,55,,,67,failed,2026-01-21T22:43:04,
test_result,1303,,,,,,,,53,,,38,passed,2026-01-19T07:25:56,"Former you through task activity and.
Yeah find car. It condition stand most."
test_result,1304,,,,,,,,39,,,12,failed,2026-03-16T11:47:15,Maybe still bit floor defense likely authority. This game eye very represent commercial.
test_result,1305,,,,,,,,144,,,45,passed,2026-01-15T06:57:46,
test_result,1306,,,,,,,,34,,,37,failed,2026-03-17T13:53:48,Already power cell training. Drug admit that good sea.
test_result,1307,,,,,,,,165,,,24,failed,2026-01-22T16:02:43,
test_result,1308,,,,,,,,12,,,63,not_run,2026-03-11T10:20:46,
test_result,1309,,,,,,,,92,,,3,passed,2026-03-06T16:42:23,
test_result,1310,,,,,,,,197,,,5,not_run,2026-02-05T22:23:23,
test_result,1311,,,,,,,,73,,,8,not_run,2026-03-13T05:50:51,Mission mission social. Task fall situation tree.
test_result,1312,,,,,,,,86,,,8,blocked,2026-02-27T11:45:12,Rock special receive other. Success light lead. Common ok worker nature special rather.
test_result,1313,,,,,,,,15,,,7,failed,2026-03-03T11:45:32,Husband road animal southern art matter top. Us operation research southern suddenly.
test_result,1314,,,,,,,,58,,,85,passed,2026-03-31T16:56:19,
test_result,1315,,,,,,,,176,,,83,failed,2026-03-20T15:41:41,
test_result,1316,,,,,,,,121,,,92,blocked,2026-03-06T17:39:15,
test_result,1317,,,,,,,,77,,,34,not_run,2026-01-09T20:42:18,Word goal help exactly chair shake. Final six media sit social.
test_result,1318,,,,,,,,103,,,4,passed,2026-02-10T12:10:09,
test_result,1319,,,,,,,,6,,,41,not_run,2026-01-21T03:56:22,Listen green whether everything west pass within.
test_result,1320,,,,,,,,157,,,68,blocked,2026-03-31T02:34:09,
test_result,1321,,,,,,,,40,,,42,failed,2026-03-05T20:53:33,
test_result,1322,,,,,,,,180,,,61,passed,2026-01-11T02:10:16,
test_result,1323,,,,,,,,189,,,99,passed,2026-01-20T11:57:25,Treat finally home window. Read cut role. Sport reason follow weight.
test_result,1324,,,,,,,,117,,,53,not_run,2026-03-26T16:47:24,
test_result,1325,,,,,,,,127,,,91,not_run,2026-02-25T20:40:21,
test_result,1326,,,,,,,,32,,,89,blocked,2026-03-11T21:27:31,
test_result,1327,,,,,,,,90,,,13,blocked,2026-03-01T10:47:00,After item carry husband.
test_result,1328,,,,,,,,78,,,30,not_run,2026-02-14T01:30:19,
test_result,1329,,,,,,,,186,,,26,passed,2026-01-06T11:47:40,
test_result,1330,,,,,,,,42,,,67,blocked,2026-01-07T06:38:46,Produce eat imagine best because manage debate. Chair family heavy town wait computer.
test_result,1331,,,,,,,,163,,,14,passed,2026-01-06T17:17:29,
test_result,1332,,,,,,,,143,,,90,passed,2026-01-18T00:10:14,Sound out three can. Industry share else group positive position than.
test_result,1333,,,,,,,,12,,,59,blocked,2026-01-26T19:09:27,
test_result,1334,,,,,,,,53,,,57,passed,2026-01-24T15:10:55,Read under place conference boy. Seek likely never think oil action wind.
test_result,1335,,,,,,,,93,,,58,passed,2026-04-02T23:02:12,Prevent industry structure let course read. Too magazine book share determine keep job.
test_result,1336,,,,,,,,61,,,1,failed,2026-02-13T16:18:33,Option yet community PM. Thus create project left pressure space. All executive reason.
test_result,1337,,,,,,,,89,,,86,passed,2026-03-31T13:52:33,
test_result,1338,,,,,,,,51,,,48,failed,2026-03-08T10:55:18,
test_result,1339,,,,,,,,136,,,66,failed,2026-02-06T07:18:44,
test_result,1340,,,,,,,,67,,,5,blocked,2026-02-13T10:10:52,Find east current fine decide force think. Statement plan avoid plant take.
test_result,1341,,,,,,,,177,,,96,blocked,2026-02-02T01:16:34,
test_result,1342,,,,,,,,184,,,26,blocked,2026-03-26T14:19:06,Truth environmental stand short stage. Shake economy mind song.
test_result,1343,,,,,,,,13,,,35,passed,2026-02-11T18:46:36,Form can nothing American black do. Operation strategy eat city.
test_result,1344,,,,,,,,141,,,90,failed,2026-01-10T17:38:18,Several few situation Congress human law myself. Day possible the relate.
test_result,1345,,,,,,,,93,,,92,failed,2026-01-20T13:17:26,
test_result,1346,,,,,,,,95,,,73,passed,2026-03-06T01:06:32,Leg common others. Create culture southern defense.
test_result,1347,,,,,,,,199,,,18,not_run,2026-03-02T00:26:38,Risk keep at who fund audience herself. Threat and interest.
test_result,1348,,,,,,,,32,,,95,passed,2026-01-06T15:43:30,
test_result,1349,,,,,,,,186,,,38,passed,2026-01-15T01:43:30,Start Congress Mrs rise drive. Professional green common modern focus.
test_result,1350,,,,,,,,140,,,5,not_run,2026-01-14T21:50:43,
test_result,1351,,,,,,,,89,,,29,passed,2026-01-26T14:30:45,
test_result,1352,,,,,,,,84,,,45,not_run,2026-01-17T09:54:22,Strategy right war available job under. Our better agreement wife.
test_result,1353,,,,,,,,80,,,62,passed,2026-03-24T17:24:21,
test_result,1354,,,,,,,,2,,,7,passed,2026-01-31T02:06:45,
test_result,1355,,,,,,,,172,,,48,passed,2026-01-27T18:02:46,Some president into above. Region off music strategy. Pay trouble lay ok interview cold.
test_result,1356,,,,,,,,54,,,98,passed,2026-02-11T08:00:49,Into throw trade fine conference live purpose. Picture throughout window lot south.
test_result,1357,,,,,,,,89,,,57,blocked,2026-01-09T23:09:27,Will week away medical staff seem. Within plan Mr probably music study keep.
test_result,1358,,,,,,,,81,,,48,passed,2026-01-17T18:32:32,
test_result,1359,,,,,,,,86,,,48,passed,2026-01-05T07:03:28,Policy former item development lose. Manager culture one bag so. Seek child day various.
test_result,1360,,,,,,,,109,,,70,blocked,2026-02-22T10:14:27,
test_result,1361,,,,,,,,164,,,27,passed,2026-03-18T02:03:46,
test_result,1362,,,,,,,,14,,,76,failed,2026-03-05T18:39:58,Most after thus available adult able during commercial. Against teach order who.
test_result,1363,,,,,,,,92,,,7,not_run,2026-02-26T22:37:02,"Morning eye able away rest.
Protect people size white else each defense. Bank film three sound."
test_result,1364,,,,,,,,54,,,33,blocked,2026-01-29T14:33:25,Character church stage age. Sell own look for. Tough not mind.
test_result,1365,,,,,,,,6,,,97,passed,2026-01-19T05:31:41,
test_result,1366,,,,,,,,152,,,40,failed,2026-03-27T04:21:31,Dinner enter seem sing head chance ever.
test_result,1367,,,,,,,,193,,,83,not_run,2026-03-27T11:54:42,
test_result,1368,,,,,,,,190,,,84,failed,2026-01-14T00:00:22,
test_result,1369,,,,,,,,136,,,50,failed,2026-02-23T13:57:31,
test_result,1370,,,,,,,,156,,,56,passed,2026-01-11T03:18:22,
test_result,1371,,,,,,,,72,,,17,not_run,2026-03-18T03:34:39,Southern happy activity book discuss safe capital foot. Follow thus wide land.
test_result,1372,,,,,,,,120,,,66,passed,2026-03-15T23:39:04,
test_result,1373,,,,,,,,156,,,98,passed,2026-03-25T16:28:59,Decision debate country matter pass include. Huge race smile professional question walk.
test_result,1374,,,,,,,,126,,,31,failed,2026-01-19T06:40:40,Anything suffer food loss management. Record apply free guy.
test_result,1375,,,,,,,,71,,,96,not_run,2026-02-11T14:39:28,
test_result,1376,,,,,,,,29,,,52,not_run,2026-01-19T13:18:53,Build partner account senior service. Most including drug stuff how feeling.
test_result,1377,,,,,,,,111,,,29,not_run,2026-03-22T11:41:38,News financial be that. To address play lead appear garden.
test_result,1378,,,,,,,,34,,,21,not_run,2026-02-01T09:56:55,Air last different. Home include shake deep hear tell many. Prepare space alone woman work.
test_result,1379,,,,,,,,59,,,14,passed,2026-02-05T15:25:38,Measure enough must resource and method. Do different home military stage front close turn.
test_result,1380,,,,,,,,104,,,14,passed,2026-02-06T11:12:14,
test_result,1381,,,,,,,,9,,,15,blocked,2026-03-20T04:06:58,
test_result,1382,,,,,,,,109,,,67,passed,2026-03-20T11:58:26,
test_result,1383,,,,,,,,105,,,93,failed,2026-03-03T19:08:30,Or quality site site. Possible everybody American final. Practice let story stop early.
test_result,1384,,,,,,,,151,,,29,not_run,2026-01-17T11:33:44,
test_result,1385,,,,,,,,1,,,62,not_run,2026-03-30T13:56:37,
test_result,1386,,,,,,,,119,,,5,not_run,2026-03-15T20:26:01,
test_result,1387,,,,,,,,130,,,97,failed,2026-01-25T08:33:01,
test_result,1388,,,,,,,,35,,,54,not_run,2026-02-21T13:13:01,
test_result,1389,,,,,,,,6,,,33,passed,2026-02-08T16:03:13,Fish can indicate. Possible manager reason change light start.
test_result,1390,,,,,,,,157,,,42,blocked,2026-01-25T02:20:23,
test_result,1391,,,,,,,,25,,,53,blocked,2026-02-14T18:06:54,
test_result,1392,,,,,,,,87,,,28,passed,2026-01-28T01:42:20,Off form part. Join interesting collection yard open change car.
test_result,1393,,,,,,,,121,,,40,not_run,2026-04-03T00:38:11,
test_result,1394,,,,,,,,62,,,8,failed,2026-02-22T23:04:06,Exist hand break even determine reach major. Imagine young and data add itself.
test_result,1395,,,,,,,,189,,,10,passed,2026-03-24T06:34:18,Good material doctor family positive. Very energy they forward.
test_result,1396,,,,,,,,108,,,24,failed,2026-04-01T16:52:06,
test_result,1397,,,,,,,,173,,,47,failed,2026-02-09T21:25:42,Too service price attorney herself down smile. Hear forget girl policy stop real.
test_result,1398,,,,,,,,36,,,65,not_run,2026-03-18T14:49:00,Summer month my unit. Instead ok window. Could nation through cell.
test_result,1399,,,,,,,,130,,,58,not_run,2026-01-24T14:16:56,Science center short.
test_result,1400,,,,,,,,197,,,26,failed,2026-03-31T11:43:24,Not office much party room group. Draw woman about play. Rate whole feeling political step.
test_result,1401,,,,,,,,132,,,82,failed,2026-01-07T06:59:41,
test_result,1402,,,,,,,,122,,,28,failed,2026-04-03T10:42:48,"Theory our how big generation.
Technology pull grow whether. Rate want worry."
test_result,1403,,,,,,,,76,,,55,not_run,2026-03-18T07:10:06,Process various direction else. Writer develop station main teacher.
test_result,1404,,,,,,,,118,,,91,failed,2026-02-09T17:03:58,"Discover song but under.
Sing determine attorney many wish reveal for voice. Will feel color human."
test_result,1405,,,,,,,,182,,,3,blocked,2026-01-29T14:02:10,Source unit believe project part debate gun. Cup indeed sport able. Window or window enter save.
test_result,1406,,,,,,,,175,,,21,not_run,2026-01-14T01:42:35,Black second feeling. Put strategy four off couple. Cold talk past chance others care him enter.
test_result,1407,,,,,,,,126,,,75,not_run,2026-01-22T21:06:51,
test_result,1408,,,,,,,,20,,,9,failed,2026-01-09T17:33:15,
test_result,1409,,,,,,,,159,,,61,passed,2026-03-16T00:14:41,
test_result,1410,,,,,,,,35,,,36,passed,2026-01-13T18:54:36,Up paper nation shoulder. Room story condition time another.
test_result,1411,,,,,,,,25,,,27,blocked,2026-01-12T07:54:12,
test_result,1412,,,,,,,,12,,,48,not_run,2026-03-13T04:07:07,
test_result,1413,,,,,,,,182,,,95,blocked,2026-01-24T02:41:11,
test_result,1414,,,,,,,,186,,,16,not_run,2026-01-31T05:38:13,
test_result,1415,,,,,,,,56,,,23,not_run,2026-01-15T09:16:21,
test_result,1416,,,,,,,,57,,,67,not_run,2026-01-01T18:00:32,Person cut could page whatever. Professor yard pattern its surface.
test_result,1417,,,,,,,,75,,,2,blocked,2026-01-10T13:32:07,Good administration huge table trial live piece. Someone head type explain.
test_result,1418,,,,,,,,178,,,13,not_run,2026-03-14T20:25:23,
test_result,1419,,,,,,,,26,,,89,blocked,2026-03-10T07:44:03,
test_result,1420,,,,,,,,29,,,29,passed,2026-02-09T01:14:34,Agreement her represent treat. Law board type relate prove indeed fly.
test_result,1421,,,,,,,,88,,,31,failed,2026-03-11T06:05:55,
test_result,1422,,,,,,,,85,,,56,failed,2026-03-26T04:53:28,Environmental do up. Similar religious night imagine address. Modern summer to hair.
test_result,1423,,,,,,,,142,,,96,failed,2026-03-16T03:42:12,Look need theory eye. Home notice exactly develop current about.
test_result,1424,,,,,,,,76,,,3,not_run,2026-01-30T13:12:24,Maintain specific measure compare personal medical. Suffer sister media between.
test_result,1425,,,,,,,,20,,,88,failed,2026-01-30T18:30:23,
test_result,1426,,,,,,,,67,,,11,not_run,2026-02-27T05:08:01,Face white ball because run. Prevent affect lot ground.
test_result,1427,,,,,,,,18,,,32,failed,2026-02-11T06:25:52,Value body peace idea tax home. Music hand sister picture. Box structure still on.
test_result,1428,,,,,,,,31,,,59,failed,2026-03-14T11:47:31,
test_result,1429,,,,,,,,100,,,43,passed,2026-02-15T18:43:50,Deal full white his. Music she help process possible.
test_result,1430,,,,,,,,57,,,81,passed,2026-01-03T20:55:43,
test_result,1431,,,,,,,,27,,,5,blocked,2026-03-27T05:47:44,
test_result,1432,,,,,,,,150,,,72,failed,2026-01-15T17:54:45,
test_result,1433,,,,,,,,118,,,41,not_run,2026-02-16T00:29:52,Under community office. Less theory themselves material.
test_result,1434,,,,,,,,108,,,69,passed,2026-03-03T01:56:51,History technology movie. Project nearly face message rest sound.
test_result,1435,,,,,,,,161,,,51,passed,2026-01-11T12:11:13,
test_result,1436,,,,,,,,131,,,94,not_run,2026-02-04T17:21:19,Shoulder answer hand break. Budget skin north view court.
test_result,1437,,,,,,,,161,,,90,failed,2026-01-26T02:04:36,
test_result,1438,,,,,,,,159,,,15,failed,2026-01-17T05:04:24,Back agreement memory team. Travel minute hot must source data.
test_result,1439,,,,,,,,134,,,31,failed,2026-02-24T03:29:43,Thank kitchen environment Mrs build prevent save. Summer behavior ever call suggest record report.
test_result,1440,,,,,,,,15,,,62,not_run,2026-02-01T15:13:52,Maintain current use movie he finally. Teach respond decision station seem up.
test_result,1441,,,,,,,,61,,,40,not_run,2026-02-01T09:38:03,Relate both try. Police hope three bad. Summer officer character fish color.
test_result,1442,,,,,,,,140,,,21,not_run,2026-01-07T15:33:21,Order not middle finally.
test_result,1443,,,,,,,,136,,,58,not_run,2026-02-16T10:59:42,
test_result,1444,,,,,,,,170,,,15,passed,2026-03-23T18:07:31,
test_result,1445,,,,,,,,112,,,93,not_run,2026-01-21T14:44:41,
test_result,1446,,,,,,,,126,,,2,passed,2026-01-03T03:26:07,
test_result,1447,,,,,,,,184,,,90,blocked,2026-03-25T22:49:53,
test_result,1448,,,,,,,,137,,,72,passed,2026-03-11T11:56:45,Buy popular bit else network recently it coach. Kind plan huge young.
test_result,1449,,,,,,,,176,,,34,blocked,2026-03-18T14:29:28,"Hot evening point. Along institution grow activity.
More exist two teacher feel."
test_result,1450,,,,,,,,56,,,26,not_run,2026-03-28T12:22:51,
test_result,1451,,,,,,,,71,,,53,not_run,2026-03-08T11:32:24,Both trouble cold yourself low. Treat state process early color goal partner. Price work third.
test_result,1452,,,,,,,,35,,,68,not_run,2026-03-09T12:51:08,Research question traditional. Half person today whether network surface.
test_result,1453,,,,,,,,146,,,64,passed,2026-01-28T04:31:43,Approach mean nearly away generation hear. Place inside not activity say.
test_result,1454,,,,,,,,9,,,3,blocked,2026-01-16T14:47:59,
test_result,1455,,,,,,,,17,,,49,passed,2026-01-09T02:44:55,
test_result,1456,,,,,,,,1,,,37,failed,2026-03-27T16:19:59,Success eight worker start decade. Because parent marriage address term against husband.
test_result,1457,,,,,,,,46,,,90,not_run,2026-01-12T10:02:57,
test_result,1458,,,,,,,,12,,,51,passed,2026-02-13T03:09:17,Art teacher world collection affect possible ability to. Ability safe week study front.
test_result,1459,,,,,,,,79,,,37,passed,2026-03-13T11:03:39,
test_result,1460,,,,,,,,86,,,9,blocked,2026-02-01T05:11:19,Same a project seem north. Affect strategy Congress. We kitchen executive remember consider.
test_result,1461,,,,,,,,112,,,82,blocked,2026-01-13T00:11:41,
test_result,1462,,,,,,,,130,,,33,passed,2026-03-22T01:06:28,Herself prevent action car. All tough finally administration finish tell music follow.
test_result,1463,,,,,,,,160,,,39,failed,2026-01-03T08:39:14,Worker particularly dark also. Fly trade air service media sport.
test_result,1464,,,,,,,,96,,,50,blocked,2026-01-28T19:25:03,
test_result,1465,,,,,,,,24,,,55,blocked,2026-01-16T10:34:42,Improve near scene rest. Mrs experience some program.
test_result,1466,,,,,,,,188,,,69,passed,2026-01-18T13:57:25,Less wear establish physical. Blue star lay line.
test_result,1467,,,,,,,,85,,,84,passed,2026-02-07T18:07:11,
test_result,1468,,,,,,,,51,,,97,blocked,2026-02-12T17:24:49,Nature message recognize home painting. Cause determine trial camera its budget economy explain.
test_result,1469,,,,,,,,102,,,13,blocked,2026-01-06T12:34:27,Protect door detail perhaps live business true. Happen present data charge catch century.
test_result,1470,,,,,,,,24,,,28,blocked,2026-03-04T10:03:33,
test_result,1471,,,,,,,,191,,,67,passed,2026-02-17T22:02:25,Here tree staff so. Until himself rate reality already quickly man.
test_result,1472,,,,,,,,120,,,72,blocked,2026-01-20T02:44:19,Watch school itself care usually nice itself. Agency effect talk major.
test_result,1473,,,,,,,,183,,,30,passed,2026-03-22T01:51:17,
test_result,1474,,,,,,,,102,,,21,not_run,2026-02-26T10:47:15,Everyone money through against card amount. Leg man total politics watch seem I.
test_result,1475,,,,,,,,142,,,93,passed,2026-03-09T19:28:36,Political face wear. Candidate culture detail sort company sense.
test_result,1476,,,,,,,,63,,,81,blocked,2026-03-07T19:12:36,Billion side decade popular game develop. Community until black kind.
test_result,1477,,,,,,,,31,,,98,not_run,2026-02-25T07:39:39,Natural research race because. Like main others responsibility trouble cultural.
test_result,1478,,,,,,,,53,,,35,passed,2026-01-21T09:04:46,
test_result,1479,,,,,,,,176,,,14,failed,2026-04-01T13:30:15,
test_result,1480,,,,,,,,85,,,100,failed,2026-03-11T19:45:39,Organization all claim more couple. Choice late say long total dog.
test_result,1481,,,,,,,,68,,,57,failed,2026-02-19T03:57:02,Agree drop low officer the play. Few issue trouble five final.
test_result,1482,,,,,,,,25,,,100,not_run,2026-01-13T21:41:38,
test_result,1483,,,,,,,,78,,,10,passed,2026-02-07T02:37:38,
test_result,1484,,,,,,,,30,,,28,not_run,2026-04-01T09:38:45,
test_result,1485,,,,,,,,164,,,74,passed,2026-03-19T10:43:13,
test_result,1486,,,,,,,,178,,,70,failed,2026-01-03T09:38:39,Past way local who. Work way model section alone.
test_result,1487,,,,,,,,187,,,12,not_run,2026-01-14T01:30:17,Argue miss ground. Itself especially feel contain collection example data discussion.
test_result,1488,,,,,,,,189,,,81,failed,2026-02-03T17:32:27,Most consider truth set station guy agree. Side in her three issue though each.
test_result,1489,,,,,,,,133,,,20,failed,2026-03-23T03:27:03,
test_result,1490,,,,,,,,112,,,15,failed,2026-03-30T23:31:07,Behavior fine federal arm. Former song article. Product media market finally expert shake.
test_result,1491,,,,,,,,60,,,89,passed,2026-01-13T01:45:34,Paper why population land phone. Mouth cover edge.
test_result,1492,,,,,,,,123,,,92,failed,2026-01-25T10:26:07,Generation partner loss maintain. Understand country continue among season especially history.
test_result,1493,,,,,,,,179,,,69,not_run,2026-02-08T12:06:55,Throw society article claim Democrat summer. Point life easy understand true me above painting.
test_result,1494,,,,,,,,36,,,31,passed,2026-03-02T12:13:51,Tonight sometimes remember above process win. School share imagine.
test_result,1495,,,,,,,,23,,,69,passed,2026-02-11T08:41:47,Dinner management agency they get. Every push north.
test_result,1496,,,,,,,,163,,,95,failed,2026-01-22T23:39:05,From nation tonight. Shake can sometimes.
test_result,1497,,,,,,,,79,,,26,passed,2026-01-17T22:00:53,
test_result,1498,,,,,,,,11,,,22,failed,2026-01-03T09:44:29,Page doctor laugh son sort choice computer. Keep throughout budget. On with door attack manage.
test_result,1499,,,,,,,,140,,,68,not_run,2026-03-26T05:47:37,
test_result,1500,,,,,,,,25,,,88,not_run,2026-03-14T07:38:35,Economy describe tough especially. Store wrong attorney subject better.
test_result,1501,,,,,,,,187,,,52,not_run,2026-03-15T18:54:00,Put sort apply her east under agreement. Poor environment dark fact.
test_result,1502,,,,,,,,63,,,92,blocked,2026-03-06T08:52:07,Less practice strategy strong letter visit. Do true individual.
test_result,1503,,,,,,,,72,,,2,blocked,2026-01-11T23:25:08,
test_result,1504,,,,,,,,117,,,24,passed,2026-01-11T07:32:28,
test_result,1505,,,,,,,,84,,,17,failed,2026-03-18T09:02:47,Half writer animal democratic.
test_result,1506,,,,,,,,191,,,70,blocked,2026-01-29T15:39:40,Medical make tax beyond. Natural reality foot sign less actually serve.
test_result,1507,,,,,,,,47,,,92,failed,2026-01-30T11:07:08,
test_result,1508,,,,,,,,42,,,53,not_run,2026-01-20T11:21:50,
test_result,1509,,,,,,,,71,,,16,blocked,2026-03-27T11:25:14,Teacher degree start risk. Quite realize kitchen industry church establish season.
test_result,1510,,,,,,,,3,,,52,failed,2026-03-02T22:25:47,
test_result,1511,,,,,,,,141,,,46,blocked,2026-03-02T23:19:05,Too even that bag. Interview public simple someone. Explain war time decade.
test_result,1512,,,,,,,,85,,,44,passed,2026-01-11T03:27:30,Born far prevent church agency American begin. Vote task western soldier fear Republican.
test_result,1513,,,,,,,,119,,,84,failed,2026-02-14T02:31:39,
test_result,1514,,,,,,,,113,,,30,passed,2026-02-23T06:27:36,Quite agency ok themselves citizen PM. Company heart site real difference.
test_result,1515,,,,,,,,9,,,23,not_run,2026-02-17T22:55:04,
test_result,1516,,,,,,,,74,,,87,failed,2026-02-11T05:39:19,
test_result,1517,,,,,,,,114,,,89,failed,2026-01-02T13:37:34,
test_result,1518,,,,,,,,148,,,30,failed,2026-03-30T10:56:20,Including become woman service worry. Body bed else agent.
test_result,1519,,,,,,,,192,,,41,failed,2026-03-27T16:24:08,
test_result,1520,,,,,,,,82,,,99,not_run,2026-01-11T15:15:17,Shoulder enjoy increase decade bill. State body onto argue.
test_result,1521,,,,,,,,71,,,16,blocked,2026-02-01T20:48:03,
test_result,1522,,,,,,,,66,,,49,not_run,2026-02-27T02:37:13,
test_result,1523,,,,,,,,179,,,60,failed,2026-02-21T08:29:50,Any teacher couple rate. Way well stock drop.
test_result,1524,,,,,,,,22,,,59,blocked,2026-01-05T13:31:13,
test_result,1525,,,,,,,,59,,,66,passed,2026-02-22T09:52:53,Subject friend reason benefit. Smile school piece today. Soon per paper hotel major.
test_result,1526,,,,,,,,187,,,79,not_run,2026-02-20T12:17:42,Skin subject method exist under it. Even land cost someone for together shoulder.
test_result,1527,,,,,,,,144,,,12,not_run,2026-01-27T23:54:16,
test_result,1528,,,,,,,,84,,,17,not_run,2026-03-09T03:11:50,
test_result,1529,,,,,,,,87,,,75,passed,2026-01-28T04:55:40,Attention second perform so section challenge other.
test_result,1530,,,,,,,,108,,,73,passed,2026-01-03T02:01:40,
test_result,1531,,,,,,,,148,,,12,blocked,2026-01-14T18:03:42,Describe too image life.
test_result,1532,,,,,,,,40,,,87,not_run,2026-03-08T02:59:11,So should interest crime fly major consider reality.
test_result,1533,,,,,,,,199,,,80,passed,2026-01-04T21:19:01,Sing ten out strong as. Class catch rich material manage. Challenge head write decision eat group.
test_result,1534,,,,,,,,143,,,12,blocked,2026-03-30T13:30:34,
test_result,1535,,,,,,,,140,,,58,passed,2026-02-15T01:26:42,Ever agreement possible guess conference. Cultural capital lay image.
test_result,1536,,,,,,,,131,,,26,passed,2026-03-29T10:51:24,Son ten task number investment tend. Site college democratic write.
test_result,1537,,,,,,,,161,,,1,failed,2026-01-26T20:02:39,
test_result,1538,,,,,,,,117,,,22,blocked,2026-03-29T07:52:21,
test_result,1539,,,,,,,,56,,,10,passed,2026-02-23T18:45:05,
test_result,1540,,,,,,,,171,,,44,passed,2026-02-22T05:59:25,Economic field their note. Republican raise rule whatever teach car while.
test_result,1541,,,,,,,,169,,,44,blocked,2026-01-22T14:32:21,"Travel east move those read. Public government expert task.
Seven sometimes above movement ask."
test_result,1542,,,,,,,,163,,,67,failed,2026-03-08T15:32:44,
test_result,1543,,,,,,,,150,,,79,passed,2026-02-10T10:21:55,Create return return surface expect issue control concern. Condition past watch address bar.
test_result,1544,,,,,,,,120,,,7,failed,2026-01-13T00:42:18,
test_result,1545,,,,,,,,197,,,20,not_run,2026-03-27T19:16:59,
test_result,1546,,,,,,,,134,,,86,failed,2026-02-18T15:42:28,Appear final likely condition. Small pay significant enjoy provide take.
test_result,1547,,,,,,,,178,,,96,blocked,2026-03-14T21:17:30,
test_result,1548,,,,,,,,138,,,49,not_run,2026-01-25T05:30:47,Of work administration key carry commercial. Want maybe society kind phone Congress.
test_result,1549,,,,,,,,119,,,100,passed,2026-02-11T23:16:41,
test_result,1550,,,,,,,,94,,,15,passed,2026-02-09T19:30:22,Dark town word account. Study authority miss break hold. Share on police state sure state either.
test_result,1551,,,,,,,,8,,,38,failed,2026-01-29T03:36:04,
test_result,1552,,,,,,,,183,,,27,failed,2026-02-26T01:07:46,
test_result,1553,,,,,,,,183,,,59,blocked,2026-03-23T21:44:36,Next resource sound view. Always above other if wait many at although.
test_result,1554,,,,,,,,101,,,43,passed,2026-02-04T18:20:51,
test_result,1555,,,,,,,,200,,,70,failed,2026-01-03T11:09:43,
test_result,1556,,,,,,,,164,,,49,blocked,2026-03-18T01:36:19,
test_result,1557,,,,,,,,108,,,45,passed,2026-01-05T11:57:16,
test_result,1558,,,,,,,,63,,,28,blocked,2026-01-31T20:26:39,Rise rich within leader.
test_result,1559,,,,,,,,130,,,15,failed,2026-03-19T10:33:42,Character simply sing action century. True student at and design ability.
test_result,1560,,,,,,,,2,,,13,not_run,2026-03-21T13:41:09,Local your speak little then plant.
test_result,1561,,,,,,,,145,,,73,not_run,2026-02-13T14:13:25,Official party buy professional world seat. Within thought hear some hot relationship.
test_result,1562,,,,,,,,97,,,3,failed,2026-01-15T09:57:41,
test_result,1563,,,,,,,,163,,,14,blocked,2026-02-02T20:05:44,
test_result,1564,,,,,,,,52,,,43,blocked,2026-03-15T09:10:56,Question beautiful activity once. Ten expect attention ok force figure successful care.
test_result,1565,,,,,,,,168,,,67,passed,2026-02-05T02:21:06,Discussion rule life I. It from number house form.
test_result,1566,,,,,,,,20,,,43,passed,2026-01-19T14:38:53,
test_result,1567,,,,,,,,129,,,74,not_run,2026-01-02T15:11:22,Knowledge decade young world eight its. Word dinner girl customer.
test_result,1568,,,,,,,,104,,,38,not_run,2026-01-24T04:01:07,Natural size law every sit. Listen prepare teach war rest brother action.
test_result,1569,,,,,,,,17,,,88,passed,2026-01-23T20:08:57,
test_result,1570,,,,,,,,107,,,11,passed,2026-02-23T10:45:11,End door across speak. Tax provide director particularly. Modern with range general budget.
test_result,1571,,,,,,,,63,,,32,failed,2026-01-19T18:44:07,
test_result,1572,,,,,,,,42,,,27,passed,2026-01-15T02:31:10,Size election future clearly. Give product everybody spend.
test_result,1573,,,,,,,,1,,,21,failed,2026-02-27T18:49:54,Within religious wind improve serious family official. Positive meeting foreign social four chair.
test_result,1574,,,,,,,,188,,,47,failed,2026-02-23T03:57:29,
test_result,1575,,,,,,,,164,,,55,not_run,2026-01-11T00:57:01,Daughter attorney identify. Skill visit sell religious upon significant lose.
test_result,1576,,,,,,,,150,,,11,not_run,2026-01-07T07:11:24,
test_result,1577,,,,,,,,82,,,36,failed,2026-02-19T07:12:06,Size until fear meet guess hand. Want agree appear about peace.
test_result,1578,,,,,,,,44,,,42,blocked,2026-01-26T20:59:19,
test_result,1579,,,,,,,,127,,,27,not_run,2026-03-30T19:18:24,
test_result,1580,,,,,,,,172,,,91,failed,2026-03-28T08:17:08,
test_result,1581,,,,,,,,74,,,85,passed,2026-02-16T04:49:53,Scientist central people anyone else.
test_result,1582,,,,,,,,62,,,79,blocked,2026-03-10T00:50:52,
test_result,1583,,,,,,,,146,,,1,blocked,2026-03-17T00:06:05,
test_result,1584,,,,,,,,178,,,90,not_run,2026-01-17T16:32:52,Form modern popular important. Guy would operation hair few population whom.
test_result,1585,,,,,,,,114,,,84,not_run,2026-02-03T06:49:42,Thousand attention class since Mr pretty. Traditional guy now easy.
test_result,1586,,,,,,,,72,,,63,blocked,2026-01-06T18:39:02,
test_result,1587,,,,,,,,112,,,60,blocked,2026-01-23T20:05:39,
test_result,1588,,,,,,,,34,,,4,passed,2026-03-16T19:54:24,
test_result,1589,,,,,,,,176,,,30,failed,2026-01-09T21:41:38,Others kitchen war fire point. Own opportunity despite indicate discuss those focus.
test_result,1590,,,,,,,,153,,,83,passed,2026-01-13T02:49:09,
test_result,1591,,,,,,,,69,,,29,blocked,2026-04-02T14:26:58,
test_result,1592,,,,,,,,32,,,63,failed,2026-01-20T19:16:48,Sister save whom beat way. Certainly away reveal. Example usually individual activity.
test_result,1593,,,,,,,,58,,,44,not_run,2026-03-18T09:06:05,
test_result,1594,,,,,,,,33,,,34,not_run,2026-01-31T23:28:37,
test_result,1595,,,,,,,,41,,,90,not_run,2026-02-20T16:08:15,
test_result,1596,,,,,,,,81,,,55,failed,2026-01-29T02:39:28,
test_result,1597,,,,,,,,61,,,36,blocked,2026-03-11T05:07:47,Development during federal. Parent suffer away from into concern impact.
test_result,1598,,,,,,,,82,,,28,not_run,2026-02-16T10:26:04,
test_result,1599,,,,,,,,83,,,26,blocked,2026-01-25T06:14:20,Specific myself career second next travel. Project war newspaper might.
test_result,1600,,,,,,,,90,,,71,blocked,2026-02-24T23:44:43,
test_result,1601,,,,,,,,163,,,80,failed,2026-02-28T04:20:10,
test_result,1602,,,,,,,,32,,,96,not_run,2026-02-26T02:16:32,
test_result,1603,,,,,,,,45,,,25,failed,2026-02-08T20:03:59,
test_result,1604,,,,,,,,195,,,79,passed,2026-01-12T14:20:20,Record foot concern according. Place claim door attack. Firm require institution once economic too.
test_result,1605,,,,,,,,188,,,32,failed,2026-03-03T08:18:42,
test_result,1606,,,,,,,,164,,,91,not_run,2026-02-15T09:42:49,Movie name new everything. Physical especially everybody whatever rest affect improve.
test_result,1607,,,,,,,,91,,,45,not_run,2026-02-16T09:05:55,Wear to while value people stay million. Investment onto at once tough agent trade.
test_result,1608,,,,,,,,151,,,95,blocked,2026-03-22T12:44:03,Agree dinner message. Husband difficult show herself.
test_result,1609,,,,,,,,171,,,91,failed,2026-02-11T22:29:39,
test_result,1610,,,,,,,,99,,,32,blocked,2026-01-29T23:13:18,Building result place check. Song suddenly discuss.
test_result,1611,,,,,,,,180,,,96,not_run,2026-03-01T00:38:04,
test_result,1612,,,,,,,,174,,,37,passed,2026-01-17T03:52:05,
test_result,1613,,,,,,,,106,,,99,blocked,2026-03-24T04:08:52,Return site probably best region. Age young likely situation reflect.
test_result,1614,,,,,,,,109,,,25,blocked,2026-01-01T10:39:23,Dog as challenge church seek affect. Seek evidence idea because model two point staff.
test_result,1615,,,,,,,,17,,,11,not_run,2026-03-11T09:44:24,
test_result,1616,,,,,,,,25,,,88,not_run,2026-01-25T06:48:37,
test_result,1617,,,,,,,,17,,,41,not_run,2026-03-29T16:15:59,
test_result,1618,,,,,,,,189,,,41,blocked,2026-01-03T08:06:37,Usually maintain final avoid address detail. Door population think station ever.
test_result,1619,,,,,,,,167,,,52,passed,2026-02-14T17:59:43,
test_result,1620,,,,,,,,31,,,58,blocked,2026-02-11T04:02:07,
test_result,1621,,,,,,,,176,,,2,failed,2026-02-22T01:34:28,Around husband and most believe check. Per world baby food west hospital store.
test_result,1622,,,,,,,,122,,,10,blocked,2026-02-09T10:30:22,Their far around.
test_result,1623,,,,,,,,75,,,64,passed,2026-03-20T02:52:21,
test_result,1624,,,,,,,,81,,,32,blocked,2026-03-25T00:51:30,Born same their traditional clear ground. Enough about low throw current kitchen whatever.
test_result,1625,,,,,,,,168,,,96,not_run,2026-01-31T16:10:16,Wall write poor show create money take certain. Law lead who perform party southern amount.
test_result,1626,,,,,,,,156,,,83,not_run,2026-03-26T08:00:01,
test_result,1627,,,,,,,,134,,,57,not_run,2026-02-14T03:16:50,Sense couple enough guy everybody book network. Control kind live. Short despite radio never.
test_result,1628,,,,,,,,10,,,54,not_run,2026-02-19T03:11:04,
test_result,1629,,,,,,,,98,,,50,blocked,2026-02-01T07:48:25,
test_result,1630,,,,,,,,178,,,58,failed,2026-02-08T15:56:47,Fear billion building would. Response daughter teach eye impact want under fly.
test_result,1631,,,,,,,,94,,,17,passed,2026-03-13T14:47:19,
test_result,1632,,,,,,,,44,,,4,blocked,2026-02-09T20:52:05,Election task up president old. Theory give reach.
test_result,1633,,,,,,,,60,,,87,blocked,2026-03-13T04:18:30,
test_result,1634,,,,,,,,98,,,56,failed,2026-03-19T22:29:45,In body chance operation chair letter. More cultural friend enough article.
test_result,1635,,,,,,,,69,,,9,failed,2026-01-14T18:53:56,
test_result,1636,,,,,,,,76,,,66,passed,2026-01-06T00:05:10,Camera light of expert eye election. Fear measure beyond Mrs candidate discuss.
test_result,1637,,,,,,,,67,,,60,not_run,2026-01-17T21:18:49,
test_result,1638,,,,,,,,190,,,38,failed,2026-03-25T18:22:10,
test_result,1639,,,,,,,,109,,,93,failed,2026-01-02T07:59:29,
test_result,1640,,,,,,,,147,,,75,blocked,2026-02-22T15:04:05,Store former condition throughout other Mr arrive. Would management skill yet mean watch.
test_result,1641,,,,,,,,114,,,1,failed,2026-02-10T01:50:57,Resource necessary their if probably civil mention.
test_result,1642,,,,,,,,35,,,46,blocked,2026-01-15T16:05:11,
test_result,1643,,,,,,,,22,,,9,not_run,2026-03-25T10:07:09,Level for realize network. Bad expert pull course chair. Practice within watch who appear often.
test_result,1644,,,,,,,,80,,,43,blocked,2026-01-09T20:20:17,
test_result,1645,,,,,,,,83,,,27,blocked,2026-01-23T20:30:38,Rock pay wife always only likely work left. Would century hotel series method this full.
test_result,1646,,,,,,,,3,,,7,passed,2026-01-19T12:04:04,
test_result,1647,,,,,,,,192,,,55,failed,2026-03-31T02:18:46,Management mention professional task science onto. Life defense bit want ground or through.
test_result,1648,,,,,,,,76,,,98,blocked,2026-01-18T18:28:03,
test_result,1649,,,,,,,,45,,,99,passed,2026-01-19T18:31:31,
test_result,1650,,,,,,,,122,,,50,not_run,2026-03-30T04:38:33,Share sign onto billion firm. Than consumer state control.
test_result,1651,,,,,,,,114,,,52,failed,2026-01-09T05:14:32,Walk raise whom agreement although at identify. Throughout think possible true require.
test_result,1652,,,,,,,,46,,,52,blocked,2026-01-01T16:43:51,Ago read instead game sit sing conference.
test_result,1653,,,,,,,,72,,,91,failed,2026-01-14T20:50:57,Off several remember church partner. Hour after reason young.
test_result,1654,,,,,,,,3,,,78,failed,2026-03-02T10:38:26,Upon throughout day heavy soldier. Gun travel individual fine during charge.
test_result,1655,,,,,,,,167,,,63,not_run,2026-02-19T22:31:14,There hard security somebody identify. Machine reason amount let yet.
test_result,1656,,,,,,,,89,,,69,blocked,2026-04-02T18:28:45,
test_result,1657,,,,,,,,41,,,45,failed,2026-03-24T13:33:24,
test_result,1658,,,,,,,,111,,,77,failed,2026-02-08T20:24:20,Push fire later Mrs imagine field number. Hear ball teach never. Put my point.
test_result,1659,,,,,,,,163,,,81,not_run,2026-02-21T07:15:50,
test_result,1660,,,,,,,,178,,,1,not_run,2026-02-05T23:58:28,Remain else rise mind voice number use. Road explain choose enjoy.
test_result,1661,,,,,,,,102,,,75,passed,2026-03-15T10:15:09,
test_result,1662,,,,,,,,85,,,38,failed,2026-01-02T01:46:02,
test_result,1663,,,,,,,,111,,,88,not_run,2026-03-31T18:46:38,
test_result,1664,,,,,,,,154,,,39,passed,2026-01-25T19:55:03,According wind deep agency kid difficult stock. Rule out beautiful.
test_result,1665,,,,,,,,190,,,23,passed,2026-03-13T09:45:44,
test_result,1666,,,,,,,,115,,,57,passed,2026-01-15T15:34:19,
test_result,1667,,,,,,,,12,,,23,not_run,2026-03-18T09:29:05,
test_result,1668,,,,,,,,117,,,66,blocked,2026-03-18T19:11:57,Writer particularly million certain citizen. Bag wrong stage buy.
test_result,1669,,,,,,,,41,,,26,passed,2026-03-15T21:07:30,
test_result,1670,,,,,,,,174,,,49,not_run,2026-04-03T04:06:06,Of human history. Decade picture help. Their available cost bank finish country bad.
test_result,1671,,,,,,,,22,,,2,blocked,2026-01-20T20:20:34,
test_result,1672,,,,,,,,69,,,81,failed,2026-01-14T02:33:57,
test_result,1673,,,,,,,,65,,,64,passed,2026-02-23T06:20:03,
test_result,1674,,,,,,,,91,,,12,failed,2026-01-02T00:14:25,Job president note and consider and million she. Blue likely benefit card cover house.
test_result,1675,,,,,,,,80,,,8,failed,2026-03-13T23:18:32,
test_result,1676,,,,,,,,182,,,63,passed,2026-03-18T01:33:51,Majority member value level discussion case. Check peace push guy put.
test_result,1677,,,,,,,,112,,,33,passed,2026-03-04T18:57:27,Beat should few movement trade. Theory between woman industry then pattern out.
test_result,1678,,,,,,,,83,,,62,failed,2026-02-17T13:57:01,Must have image industry attack. Democrat amount could hundred hundred war.
test_result,1679,,,,,,,,160,,,35,not_run,2026-01-26T08:20:51,These region cut him. Before address one until front.
test_result,1680,,,,,,,,101,,,64,blocked,2026-01-20T09:39:00,Edge develop church clearly party available happy. A defense four need.
test_result,1681,,,,,,,,1,,,12,blocked,2026-01-12T02:09:08,
test_result,1682,,,,,,,,94,,,83,not_run,2026-02-15T12:23:49,
test_result,1683,,,,,,,,75,,,50,passed,2026-03-21T18:08:16,North foreign add. American money letter.
test_result,1684,,,,,,,,189,,,12,failed,2026-02-04T15:48:36,
test_result,1685,,,,,,,,128,,,91,failed,2026-02-10T10:06:07,Reality develop that. Situation begin large capital necessary during bad.
test_result,1686,,,,,,,,39,,,9,not_run,2026-03-19T21:04:06,
test_result,1687,,,,,,,,49,,,61,not_run,2026-03-17T15:11:50,
test_result,1688,,,,,,,,157,,,8,not_run,2026-02-27T05:36:58,Science fund own others. Right skin pay society amount lead yet line.
test_result,1689,,,,,,,,111,,,100,failed,2026-02-20T13:09:54,After accept head area. Try address keep someone have.
test_result,1690,,,,,,,,25,,,41,failed,2026-02-12T07:32:19,
test_result,1691,,,,,,,,154,,,78,passed,2026-02-05T07:57:15,"Life water upon.
Direction our seem collection project. Able read tough safe."
test_result,1692,,,,,,,,120,,,58,passed,2026-04-03T14:50:15,Industry huge strategy art make. Cause something page star eat plant although.
test_result,1693,,,,,,,,50,,,92,blocked,2026-03-18T17:14:17,Fine spend rule authority who. Ok music mean summer eat truth hotel. Professor maybe dinner method.
test_result,1694,,,,,,,,101,,,95,not_run,2026-01-04T21:40:26,Science dog little occur professor maybe. Ok prepare first father term six professor.
test_result,1695,,,,,,,,196,,,92,passed,2026-03-01T21:00:12,Support effect nor example consider. Finish level guy cause well age.
test_result,1696,,,,,,,,125,,,37,failed,2026-03-30T09:40:29,What last dark fast. Include hundred become evidence inside else art.
test_result,1697,,,,,,,,66,,,81,failed,2026-01-15T21:11:57,Until inside star yes claim establish. Go others event style program quite some. All pressure end.
test_result,1698,,,,,,,,193,,,99,failed,2026-02-03T20:24:34,
test_result,1699,,,,,,,,196,,,44,passed,2026-03-30T05:49:03,Team sound himself cut. Whom low various environmental black base must hair.
test_result,1700,,,,,,,,112,,,41,not_run,2026-03-31T15:11:08,
test_result,1701,,,,,,,,190,,,60,failed,2026-01-18T08:31:11,
test_result,1702,,,,,,,,17,,,73,blocked,2026-03-31T01:07:23,
test_result,1703,,,,,,,,1,,,94,blocked,2026-01-05T05:35:21,Relationship number investment in. Week above federal Congress.
test_result,1704,,,,,,,,127,,,61,not_run,2026-01-12T18:09:50,Finally commercial get trouble stand between. Do way far line detail.
test_result,1705,,,,,,,,115,,,35,blocked,2026-01-14T19:15:57,
test_result,1706,,,,,,,,15,,,92,blocked,2026-01-26T02:24:20,
test_result,1707,,,,,,,,139,,,89,failed,2026-03-25T22:46:09,
test_result,1708,,,,,,,,187,,,8,blocked,2026-03-10T22:10:05,Success war car ability land finally. Natural at agent result physical.
test_result,1709,,,,,,,,28,,,100,failed,2026-02-16T09:10:46,Daughter forward people manage business property early. Culture debate consider raise if tend huge.
test_result,1710,,,,,,,,168,,,4,blocked,2026-02-21T14:07:30,
test_result,1711,,,,,,,,87,,,90,blocked,2026-02-18T03:16:40,Director accept front study. Early at sense drug area gas. Full show take other then six.
test_result,1712,,,,,,,,35,,,12,failed,2026-01-19T09:32:25,Growth get fire carry determine. Simply already clearly. Six even do important.
test_result,1713,,,,,,,,134,,,31,passed,2026-01-01T22:43:09,Mean hotel leader. Arm participant nation along power have debate bring. Health spend measure.
test_result,1714,,,,,,,,21,,,13,passed,2026-01-16T04:11:31,Record brother now sell may event best ready. Put who decide. Expect he indeed along yard.
test_result,1715,,,,,,,,187,,,64,blocked,2026-01-13T02:42:14,
test_result,1716,,,,,,,,48,,,65,passed,2026-01-06T21:11:22,
test_result,1717,,,,,,,,3,,,41,not_run,2026-01-06T20:21:42,
test_result,1718,,,,,,,,164,,,83,not_run,2026-02-12T13:55:00,Especially also speak top. Gun who policy trade truth.
test_result,1719,,,,,,,,130,,,6,not_run,2026-01-01T02:44:37,
test_result,1720,,,,,,,,13,,,6,failed,2026-03-09T12:40:38,Cup spend partner young. Peace gas what mouth.
test_result,1721,,,,,,,,33,,,30,blocked,2026-02-26T00:52:24,
test_result,1722,,,,,,,,50,,,77,not_run,2026-03-17T08:33:08,
test_result,1723,,,,,,,,102,,,65,passed,2026-01-17T15:01:29,New social take college. Minute dream speak media.
test_result,1724,,,,,,,,85,,,84,not_run,2026-01-30T10:52:11,Deep realize end prepare. Particularly produce stay leader vote he.
test_result,1725,,,,,,,,11,,,35,passed,2026-03-21T07:08:19,
test_result,1726,,,,,,,,44,,,39,blocked,2026-04-03T22:57:22,
test_result,1727,,,,,,,,168,,,69,blocked,2026-02-11T07:25:56,Under beat would often. Debate against support road determine it.
test_result,1728,,,,,,,,200,,,68,passed,2026-01-27T00:49:09,Person by always. Part performance particularly write.
test_result,1729,,,,,,,,75,,,36,not_run,2026-03-25T02:51:24,Purpose stay how herself player. Thing hotel another moment yes.
test_result,1730,,,,,,,,29,,,87,failed,2026-01-31T07:58:44,
test_result,1731,,,,,,,,48,,,46,not_run,2026-03-02T04:23:57,What write group sit industry different American same. Anything bank wait just teacher detail too.
test_result,1732,,,,,,,,43,,,86,not_run,2026-03-03T13:55:43,
test_result,1733,,,,,,,,36,,,41,not_run,2026-01-30T21:15:44,
test_result,1734,,,,,,,,77,,,10,failed,2026-03-30T07:36:36,
test_result,1735,,,,,,,,166,,,13,passed,2026-01-07T12:52:04,
test_result,1736,,,,,,,,32,,,24,not_run,2026-03-05T17:32:03,
test_result,1737,,,,,,,,59,,,25,passed,2026-01-10T13:06:30,Few consider sort somebody. Market coach away modern. Relate deep role institution have face whole.
test_result,1738,,,,,,,,27,,,38,failed,2026-02-01T21:25:07,
test_result,1739,,,,,,,,47,,,15,passed,2026-01-18T20:38:22,Structure service oil at magazine. Image keep short pressure north bring parent.
test_result,1740,,,,,,,,168,,,22,failed,2026-01-18T07:50:48,
test_result,1741,,,,,,,,90,,,16,blocked,2026-04-03T17:55:09,
test_result,1742,,,,,,,,164,,,15,failed,2026-03-06T14:10:57,Plant level evidence. General thus probably.
test_result,1743,,,,,,,,60,,,9,passed,2026-01-08T00:52:17,Seven challenge so meeting.
test_result,1744,,,,,,,,65,,,86,passed,2026-04-01T03:13:04,Per open believe shake. Box dream life range pattern Democrat.
test_result,1745,,,,,,,,82,,,64,failed,2026-03-19T17:42:17,
test_result,1746,,,,,,,,90,,,4,blocked,2026-03-31T18:37:18,
test_result,1747,,,,,,,,13,,,52,failed,2026-02-11T12:19:20,
test_result,1748,,,,,,,,94,,,57,blocked,2026-01-22T03:40:35,
test_result,1749,,,,,,,,165,,,38,blocked,2026-02-07T00:56:47,Become shake show nothing me. First sister everyone it. Three step hit story break impact.
test_result,1750,,,,,,,,69,,,67,passed,2026-01-27T13:47:17,I finally place board bit land behavior. However address behavior magazine.
test_result,1751,,,,,,,,162,,,67,blocked,2026-01-09T16:02:21,
test_result,1752,,,,,,,,138,,,88,not_run,2026-03-23T11:26:59,Good training catch movement section majority. Course wish beyond never project.
test_result,1753,,,,,,,,14,,,80,not_run,2026-02-23T17:17:49,
test_result,1754,,,,,,,,20,,,19,blocked,2026-02-06T15:04:57,
test_result,1755,,,,,,,,42,,,100,passed,2026-02-17T19:28:57,Tend statement than might keep. Strategy cold head fund issue. Box Mr bar hear speech little hot.
test_result,1756,,,,,,,,93,,,14,not_run,2026-03-07T07:40:16,
test_result,1757,,,,,,,,172,,,27,not_run,2026-03-20T09:27:35,
test_result,1758,,,,,,,,75,,,82,blocked,2026-01-11T21:30:09,Believe this piece positive important hair. Art us difficult simply. Fight north land off young.
test_result,1759,,,,,,,,60,,,50,passed,2026-03-08T20:01:32,
test_result,1760,,,,,,,,11,,,17,not_run,2026-04-02T04:11:03,Daughter only relationship peace within. Teacher head me country stay.
test_result,1761,,,,,,,,169,,,41,not_run,2026-03-17T15:11:48,
test_result,1762,,,,,,,,187,,,44,failed,2026-03-10T09:25:27,Lose before shake usually yet. Artist meeting history miss Mr.
test_result,1763,,,,,,,,30,,,5,not_run,2026-03-20T03:16:30,Technology near father interview play. Door baby he.
test_result,1764,,,,,,,,152,,,26,passed,2026-04-03T21:20:28,Lose just job fund. Eat young interview north.
test_result,1765,,,,,,,,186,,,87,passed,2026-03-16T02:43:08,
test_result,1766,,,,,,,,7,,,58,not_run,2026-04-03T09:11:12,
test_result,1767,,,,,,,,137,,,52,not_run,2026-03-19T12:49:49,
test_result,1768,,,,,,,,192,,,65,failed,2026-02-15T20:35:47,
test_result,1769,,,,,,,,145,,,3,passed,2026-02-03T11:38:56,
test_result,1770,,,,,,,,88,,,95,not_run,2026-03-01T03:40:56,Success tree factor page group tree success. Third recognize will end.
test_result,1771,,,,,,,,200,,,34,failed,2026-02-18T11:14:13,
test_result,1772,,,,,,,,100,,,86,not_run,2026-02-15T09:32:44,Shake everyone draw the. Moment yes risk. Blood bank power behavior wonder concern blue.
test_result,1773,,,,,,,,160,,,24,not_run,2026-01-12T01:52:40,Must heart offer morning above leg some back. Medical push until.
test_result,1774,,,,,,,,189,,,97,passed,2026-02-06T09:51:45,
test_result,1775,,,,,,,,27,,,44,failed,2026-01-29T13:29:45,
test_result,1776,,,,,,,,157,,,86,passed,2026-03-30T16:44:58,Prevent life subject down agent great. Seek table future Democrat difficult travel interest.
test_result,1777,,,,,,,,54,,,68,not_run,2026-02-06T04:38:10,
test_result,1778,,,,,,,,88,,,43,failed,2026-03-02T22:20:02,
test_result,1779,,,,,,,,101,,,25,blocked,2026-01-18T12:08:26,
test_result,1780,,,,,,,,47,,,20,passed,2026-02-18T22:16:28,
test_result,1781,,,,,,,,178,,,20,blocked,2026-03-11T04:46:56,Off free good evidence cultural. Price wear writer very.
test_result,1782,,,,,,,,90,,,98,not_run,2026-01-18T00:43:28,
test_result,1783,,,,,,,,59,,,52,failed,2026-01-26T19:57:21,Question American necessary. Close commercial one. Back food specific growth.
test_result,1784,,,,,,,,130,,,24,failed,2026-03-24T00:12:05,Others way spring some moment. Travel until end way eight business.
test_result,1785,,,,,,,,153,,,68,passed,2026-01-22T07:33:47,Experience yet fish building reflect grow thank. Government social rule we wind suffer.
test_result,1786,,,,,,,,167,,,28,passed,2026-02-06T17:31:32,It water type over adult subject natural. Vote idea represent.
test_result,1787,,,,,,,,38,,,11,blocked,2026-03-28T15:48:45,
test_result,1788,,,,,,,,4,,,75,failed,2026-03-18T09:56:09,
test_result,1789,,,,,,,,19,,,77,failed,2026-02-14T07:32:15,Black leg heart somebody film somebody. Difference mind enjoy itself.
test_result,1790,,,,,,,,50,,,11,failed,2026-01-15T11:35:46,Recently go party east. News head although.
test_result,1791,,,,,,,,38,,,14,failed,2026-01-25T13:58:12,Accept foot have help for suggest to. Radio left which Congress. Opportunity least type tend we.
test_result,1792,,,,,,,,67,,,72,passed,2026-02-05T13:25:55,Operation because available condition explain American. Particularly sister address major his.
test_result,1793,,,,,,,,72,,,94,passed,2026-02-15T09:58:49,All road conference girl camera bed. Quickly sell style clear future.
test_result,1794,,,,,,,,53,,,66,passed,2026-02-23T23:49:50,
test_result,1795,,,,,,,,23,,,92,not_run,2026-01-14T22:21:40,Red early work economy else research. Particularly personal someone party admit eat.
test_result,1796,,,,,,,,3,,,51,passed,2026-02-27T18:27:55,
test_result,1797,,,,,,,,58,,,69,blocked,2026-03-15T09:27:14,
test_result,1798,,,,,,,,157,,,31,failed,2026-03-23T02:56:54,Clearly very second trial than why organization. Question under move cup likely.
test_result,1799,,,,,,,,91,,,43,passed,2026-02-05T23:58:54,Explain machine direction arm walk. Likely bed rate whole entire believe success.
test_result,1800,,,,,,,,16,,,51,passed,2026-03-11T01:31:29,
test_result,1801,,,,,,,,38,,,49,failed,2026-02-07T06:02:24,Respond anyone sell themselves behavior sing. Standard spend for occur new.
test_result,1802,,,,,,,,13,,,85,not_run,2026-03-05T18:24:31,Manager end above report beat. Tonight including minute see wife media employee.
test_result,1803,,,,,,,,55,,,63,blocked,2026-03-12T13:26:40,Set cut serious audience. Perhaps major type data.
test_result,1804,,,,,,,,26,,,9,failed,2026-02-17T15:24:37,Section half control authority left campaign option. Use indicate trip apply. Whether still short.
test_result,1805,,,,,,,,60,,,87,failed,2026-02-11T18:34:19,World small various. Federal inside fine. Bag because tend build economy.
test_result,1806,,,,,,,,198,,,37,passed,2026-02-01T07:47:25,
test_result,1807,,,,,,,,59,,,56,not_run,2026-01-08T00:09:55,
test_result,1808,,,,,,,,70,,,99,blocked,2026-03-10T03:14:59,
test_result,1809,,,,,,,,101,,,38,not_run,2026-03-04T22:50:52,"Star where child support far.
Enter let your what hold certain."
test_result,1810,,,,,,,,138,,,93,not_run,2026-03-04T18:06:38,
test_result,1811,,,,,,,,142,,,86,not_run,2026-03-15T06:57:23,
test_result,1812,,,,,,,,187,,,77,passed,2026-01-01T20:08:07,
test_result,1813,,,,,,,,105,,,4,blocked,2026-02-23T19:50:56,
test_result,1814,,,,,,,,185,,,69,passed,2026-01-09T10:51:02,Project respond job artist anything great. Cup develop improve where. Almost shake speech method.
test_result,1815,,,,,,,,85,,,32,passed,2026-02-12T08:04:40,
test_result,1816,,,,,,,,110,,,11,blocked,2026-03-20T22:55:05,Near something building letter grow. Leave throw several military region sign.
test_result,1817,,,,,,,,148,,,18,not_run,2026-01-24T01:26:16,
test_result,1818,,,,,,,,60,,,92,failed,2026-01-09T17:59:30,Sea after write on.
test_result,1819,,,,,,,,161,,,10,not_run,2026-01-22T09:42:34,Wall star glass do. Two lay make story. Return environment against our.
test_result,1820,,,,,,,,147,,,31,passed,2026-02-28T22:42:28,"Smile stay me suggest their something serve.
Sit seven toward each enjoy anyone."
test_result,1821,,,,,,,,198,,,44,failed,2026-03-18T13:32:26,Per race beat issue.
test_result,1822,,,,,,,,193,,,39,failed,2026-03-01T18:37:05,Time school stock sing apply bank. Morning entire however range use cost wish hospital.
test_result,1823,,,,,,,,107,,,41,blocked,2026-01-24T02:00:58,Mrs may culture. Age bad old bring artist must go.
test_result,1824,,,,,,,,58,,,26,not_run,2026-02-21T17:01:49,A side myself expert crime she state. Mother party east establish grow tough law.
test_result,1825,,,,,,,,196,,,73,failed,2026-01-10T05:57:00,"Question billion blue cup. Someone everyone activity.
Usually yard book imagine agree."
test_result,1826,,,,,,,,56,,,82,blocked,2026-01-16T16:15:48,
test_result,1827,,,,,,,,67,,,58,passed,2026-02-17T20:05:44,Federal growth might.
test_result,1828,,,,,,,,60,,,27,passed,2026-01-13T12:12:33,
test_result,1829,,,,,,,,130,,,21,failed,2026-02-04T08:18:26,
test_result,1830,,,,,,,,27,,,9,passed,2026-01-20T21:56:51,
test_result,1831,,,,,,,,155,,,98,blocked,2026-01-23T19:58:11,Gas it alone perhaps experience us wear.
test_result,1832,,,,,,,,117,,,43,passed,2026-01-17T05:03:51,Wear seem through. Bag night season establish.
test_result,1833,,,,,,,,74,,,57,blocked,2026-01-26T08:21:51,
test_result,1834,,,,,,,,183,,,42,not_run,2026-01-06T02:42:16,
test_result,1835,,,,,,,,113,,,55,passed,2026-01-20T04:18:08,
test_result,1836,,,,,,,,74,,,61,passed,2026-04-01T07:11:12,Cold author south edge however recognize. Central respond to early.
test_result,1837,,,,,,,,118,,,71,not_run,2026-02-03T10:08:29,May officer near new network art. Parent view heavy suffer family.
test_result,1838,,,,,,,,194,,,74,failed,2026-03-28T23:56:25,Seek any movie history. To him market since center. Director card buy.
test_result,1839,,,,,,,,193,,,51,not_run,2026-03-10T00:47:42,Newspaper anything medical high be. Who these Democrat pull.
test_result,1840,,,,,,,,106,,,47,blocked,2026-03-17T21:28:30,
test_result,1841,,,,,,,,111,,,68,failed,2026-03-15T05:05:38,
test_result,1842,,,,,,,,74,,,100,passed,2026-02-25T00:55:31,
test_result,1843,,,,,,,,97,,,4,not_run,2026-01-09T04:50:56,Learn decade sometimes memory stand. Tonight half individual last.
test_result,1844,,,,,,,,82,,,40,failed,2026-03-07T23:46:15,Despite great lead work idea tonight. City out table.
test_result,1845,,,,,,,,127,,,60,not_run,2026-02-03T00:41:18,Purpose assume wonder hope. Attorney structure color seem call side.
test_result,1846,,,,,,,,12,,,17,blocked,2026-03-13T14:46:54,
test_result,1847,,,,,,,,7,,,70,failed,2026-01-05T05:59:05,Nor speech take class Mr themselves. Nice leader hold agency. Once floor reason street benefit.
test_result,1848,,,,,,,,81,,,36,not_run,2026-03-08T22:47:13,
test_result,1849,,,,,,,,8,,,49,not_run,2026-03-04T13:58:36,
test_result,1850,,,,,,,,65,,,93,not_run,2026-02-03T00:03:54,
test_result,1851,,,,,,,,65,,,22,failed,2026-03-30T00:23:06,Particularly stop improve amount score rich.
test_result,1852,,,,,,,,139,,,20,not_run,2026-01-11T13:12:59,Church could group lawyer. Government truth kitchen pressure.
test_result,1853,,,,,,,,182,,,43,failed,2026-03-15T20:46:43,Require this we base happy. Strong what seven service less. May plant finally job operation crime.
test_result,1854,,,,,,,,90,,,71,not_run,2026-03-30T17:34:53,
test_result,1855,,,,,,,,39,,,93,blocked,2026-02-11T22:43:52,
test_result,1856,,,,,,,,1,,,93,passed,2026-02-03T22:33:51,Good cost office wear unit office.
test_result,1857,,,,,,,,135,,,89,failed,2026-01-07T15:26:23,
test_result,1858,,,,,,,,108,,,95,blocked,2026-01-20T19:29:41,
test_result,1859,,,,,,,,180,,,37,failed,2026-03-07T10:53:24,
test_result,1860,,,,,,,,44,,,16,failed,2026-02-24T10:21:46,
test_result,1861,,,,,,,,33,,,25,not_run,2026-01-26T20:12:33,Soldier color report toward send include window. Stock language data short.
test_result,1862,,,,,,,,127,,,95,blocked,2026-02-23T16:12:32,
test_result,1863,,,,,,,,152,,,82,blocked,2026-03-04T20:00:37,Look test option east artist war. Yeah describe during system but Mr various.
test_result,1864,,,,,,,,70,,,93,passed,2026-03-03T00:31:17,
test_result,1865,,,,,,,,1,,,66,failed,2026-01-28T23:35:12,Room suffer summer financial daughter. Two these must capital hour wife.
test_result,1866,,,,,,,,158,,,22,failed,2026-02-17T23:55:03,Conference method line ten security central institution science. Which short less player over data.
test_result,1867,,,,,,,,11,,,98,failed,2026-03-16T10:51:01,My those scene religious. Few third business strategy clear. Exactly quite finish let respond east.
test_result,1868,,,,,,,,112,,,58,failed,2026-01-07T07:43:08,Sit adult build realize smile child.
test_result,1869,,,,,,,,134,,,53,not_run,2026-03-24T19:59:21,
test_result,1870,,,,,,,,74,,,9,not_run,2026-01-09T18:02:25,Question gas ever great. Everyone her against two. Author hospital here buy born seek seek up.
test_result,1871,,,,,,,,29,,,94,blocked,2026-02-07T02:24:16,
test_result,1872,,,,,,,,26,,,20,failed,2026-02-08T12:14:52,
test_result,1873,,,,,,,,157,,,88,blocked,2026-03-27T10:25:26,
test_result,1874,,,,,,,,133,,,28,not_run,2026-03-02T17:14:44,Star serious up safe reduce really management reflect. Character know ago this maybe wait yourself.
test_result,1875,,,,,,,,68,,,15,blocked,2026-03-02T15:22:50,
test_result,1876,,,,,,,,126,,,63,not_run,2026-01-21T14:48:48,Either each newspaper throughout plant current her.
test_result,1877,,,,,,,,3,,,75,failed,2026-01-01T04:58:47,Whole grow personal natural once wrong smile thing. Take sort south throw save.
test_result,1878,,,,,,,,160,,,72,blocked,2026-03-18T14:27:28,
test_result,1879,,,,,,,,189,,,74,blocked,2026-01-08T14:32:04,
test_result,1880,,,,,,,,15,,,4,failed,2026-03-19T16:43:10,
test_result,1881,,,,,,,,115,,,62,not_run,2026-01-19T22:17:09,Film painting example inside. Season involve save group model cup school source.
test_result,1882,,,,,,,,101,,,72,blocked,2026-02-19T00:00:54,Once receive race house between particular. Successful which study fall rule.
test_result,1883,,,,,,,,112,,,45,failed,2026-02-19T02:53:07,
test_result,1884,,,,,,,,165,,,2,failed,2026-03-11T09:49:06,
test_result,1885,,,,,,,,54,,,46,passed,2026-02-03T07:01:25,Direction write after. Step blood occur idea.
test_result,1886,,,,,,,,167,,,38,failed,2026-02-28T06:40:43,
test_result,1887,,,,,,,,167,,,79,not_run,2026-02-21T05:47:37,Industry hope front key character remain. From admit though ago. Policy people almost physical let.
test_result,1888,,,,,,,,116,,,63,passed,2026-01-23T01:20:55,Tell material man listen data bag. Exactly half so consider agency fly.
test_result,1889,,,,,,,,139,,,69,passed,2026-02-11T03:31:36,By quality structure political. Quickly former ability out every. Last purpose ever animal.
test_result,1890,,,,,,,,50,,,82,blocked,2026-01-13T19:11:20,Future cause technology exactly whether section news. Fly movie long challenge agent tend.
test_result,1891,,,,,,,,128,,,59,failed,2026-02-06T20:33:22,
test_result,1892,,,,,,,,189,,,28,not_run,2026-01-01T01:56:46,Garden style although ten parent vote. Perhaps already citizen change three certain.
test_result,1893,,,,,,,,58,,,64,not_run,2026-02-12T04:40:35,
test_result,1894,,,,,,,,25,,,23,not_run,2026-03-13T00:59:54,Environment audience move. Cause too ball part. Tax exist specific run century along.
test_result,1895,,,,,,,,172,,,56,not_run,2026-02-05T20:42:09,
test_result,1896,,,,,,,,172,,,8,blocked,2026-01-31T14:36:20,
test_result,1897,,,,,,,,154,,,89,failed,2026-02-23T12:51:54,
test_result,1898,,,,,,,,37,,,57,passed,2026-01-09T04:05:30,Need partner fund force store fall. Under store mother tax baby city forward painting.
test_result,1899,,,,,,,,132,,,23,passed,2026-01-11T02:45:48,
test_result,1900,,,,,,,,70,,,81,blocked,2026-01-08T06:21:20,Pick stage little full.
test_result,1901,,,,,,,,196,,,60,failed,2026-01-01T02:19:55,
test_result,1902,,,,,,,,171,,,47,blocked,2026-02-10T11:31:22,Foreign rise increase say go woman. Force citizen former nearly travel ever.
test_result,1903,,,,,,,,36,,,42,passed,2026-03-11T06:10:43,
test_result,1904,,,,,,,,10,,,78,passed,2026-01-02T13:51:49,Player fight peace partner interview guess card. Call early particularly throughout do leg message.
test_result,1905,,,,,,,,26,,,13,failed,2026-02-15T05:29:05,
test_result,1906,,,,,,,,110,,,52,not_run,2026-02-16T05:06:42,
test_result,1907,,,,,,,,19,,,35,failed,2026-01-10T03:27:09,Activity main factor able international decide. Artist dinner person analysis.
test_result,1908,,,,,,,,22,,,66,not_run,2026-01-04T03:17:34,
test_result,1909,,,,,,,,18,,,84,passed,2026-02-07T21:54:17,Seek check subject among. Wait political cost reason.
test_result,1910,,,,,,,,147,,,84,passed,2026-02-21T18:51:10,
test_result,1911,,,,,,,,49,,,20,blocked,2026-03-09T17:16:24,
test_result,1912,,,,,,,,117,,,4,not_run,2026-02-07T13:01:25,Including current within always fish. Teach ground hard account into camera.
test_result,1913,,,,,,,,190,,,100,passed,2026-02-28T06:01:24,Home food that my forget. Support choose task role its past avoid.
test_result,1914,,,,,,,,168,,,51,passed,2026-03-01T14:01:13,
test_result,1915,,,,,,,,23,,,97,passed,2026-02-07T23:52:30,Win fight boy they mention. Receive suffer brother require buy.
test_result,1916,,,,,,,,37,,,64,failed,2026-02-09T08:40:34,
test_result,1917,,,,,,,,40,,,97,failed,2026-01-25T21:53:04,
test_result,1918,,,,,,,,80,,,94,not_run,2026-04-02T16:29:35,Pay improve try up million already why. Affect we ready list support art. Evening lead care.
test_result,1919,,,,,,,,116,,,70,failed,2026-03-14T18:36:28,
test_result,1920,,,,,,,,190,,,99,failed,2026-01-13T20:05:43,Top east discover large central week speech. Bar site speak why mother minute rise short.
test_result,1921,,,,,,,,97,,,19,failed,2026-02-10T18:28:36,Sign side who raise when relate. Start sign require forward. Other federal born tend movie look he.
test_result,1922,,,,,,,,23,,,20,passed,2026-03-12T11:15:48,
test_result,1923,,,,,,,,143,,,95,failed,2026-02-08T07:47:42,
test_result,1924,,,,,,,,98,,,45,passed,2026-03-23T17:43:35,
test_result,1925,,,,,,,,20,,,16,blocked,2026-02-16T11:20:43,
test_result,1926,,,,,,,,8,,,84,failed,2026-01-14T13:48:03,"Explain it poor third them.
Situation listen relate cold stock. Personal person imagine box rate."
test_result,1927,,,,,,,,141,,,79,passed,2026-03-27T16:07:25,Church yet myself tend poor get wide. Charge inside live build.
test_result,1928,,,,,,,,177,,,1,blocked,2026-03-23T22:58:10,Until big religious out week station. Expert total how bit sure management debate.
test_result,1929,,,,,,,,180,,,9,blocked,2026-03-13T13:23:53,
test_result,1930,,,,,,,,122,,,76,blocked,2026-03-21T01:39:39,
test_result,1931,,,,,,,,138,,,9,not_run,2026-01-01T20:02:47,Order out beautiful none ahead. Language purpose cost account me.
test_result,1932,,,,,,,,158,,,46,blocked,2026-03-02T10:23:52,
test_result,1933,,,,,,,,150,,,90,not_run,2026-03-07T13:23:08,
test_result,1934,,,,,,,,151,,,98,not_run,2026-03-14T03:42:43,
test_result,1935,,,,,,,,66,,,52,passed,2026-03-17T00:05:19,
test_result,1936,,,,,,,,46,,,92,not_run,2026-01-07T05:56:34,Order already toward water black suddenly into. Mind continue smile fill.
test_result,1937,,,,,,,,40,,,29,not_run,2026-03-15T16:05:47,
test_result,1938,,,,,,,,60,,,41,not_run,2026-02-17T09:53:15,Now lawyer truth present get call. Likely perform democratic its.
test_result,1939,,,,,,,,141,,,89,passed,2026-03-21T13:16:52,Official crime onto tree crime. Onto shoulder look Congress food. Everyone new garden entire get.
test_result,1940,,,,,,,,156,,,68,blocked,2026-01-22T09:55:25,
test_result,1941,,,,,,,,141,,,97,failed,2026-02-26T06:33:11,Speech stand individual success. Plant week nothing. Piece myself well account.
test_result,1942,,,,,,,,11,,,94,blocked,2026-01-07T11:26:17,
test_result,1943,,,,,,,,138,,,79,passed,2026-02-06T23:53:57,Fund child tend run recently. Moment usually senior personal certain movement collection.
test_result,1944,,,,,,,,197,,,29,not_run,2026-02-18T03:43:36,Nation family shake develop. Which day trouble either top whose.
test_result,1945,,,,,,,,155,,,92,failed,2026-01-07T00:33:23,
test_result,1946,,,,,,,,165,,,37,failed,2026-01-30T08:52:26,Though more through position. Southern subject evidence worker.
test_result,1947,,,,,,,,125,,,20,blocked,2026-01-01T12:44:39,
test_result,1948,,,,,,,,96,,,38,passed,2026-03-04T06:38:06,"Continue moment best.
Newspaper human floor contain. Yes serious purpose dream contain audience."
test_result,1949,,,,,,,,159,,,96,passed,2026-01-04T04:22:26,Seven piece popular participant audience. While source couple tree assume once.
test_result,1950,,,,,,,,38,,,99,passed,2026-02-16T11:53:35,Southern reach yeah. Cost college sport grow seek sign score. Church sometimes feel.
test_result,1951,,,,,,,,199,,,30,failed,2026-01-16T10:42:53,
test_result,1952,,,,,,,,58,,,75,passed,2026-01-30T06:31:06,
test_result,1953,,,,,,,,53,,,72,passed,2026-02-11T16:22:47,
test_result,1954,,,,,,,,146,,,1,not_run,2026-02-28T05:27:39,Result bed majority skill. Reduce professional how test man record for score.
test_result,1955,,,,,,,,44,,,84,blocked,2026-03-31T07:25:58,Against among attorney store brother course among. Step enough candidate candidate great risk.
test_result,1956,,,,,,,,95,,,100,passed,2026-01-04T07:00:41,Agreement decide your. If former loss control into federal.
test_result,1957,,,,,,,,86,,,42,blocked,2026-02-12T01:13:38,
test_result,1958,,,,,,,,89,,,10,passed,2026-03-31T03:03:50,Enter head sometimes wait over. Sense owner soldier red.
test_result,1959,,,,,,,,123,,,10,not_run,2026-01-10T11:07:45,
test_result,1960,,,,,,,,155,,,56,passed,2026-03-13T19:26:47,
test_result,1961,,,,,,,,135,,,53,passed,2026-01-04T23:45:52,"Decide never mention. Drop part laugh try leader research.
Wide ball office."
test_result,1962,,,,,,,,70,,,89,failed,2026-01-23T04:28:24,
test_result,1963,,,,,,,,121,,,46,not_run,2026-02-26T08:14:29,
test_result,1964,,,,,,,,107,,,100,failed,2026-03-31T13:54:20,
test_result,1965,,,,,,,,180,,,42,passed,2026-02-13T10:12:18,Test debate now. Billion join learn partner state series job.
test_result,1966,,,,,,,,65,,,69,passed,2026-01-04T10:55:38,We including back girl performance spring. Station then pick my evening study born along.
test_result,1967,,,,,,,,173,,,41,not_run,2026-02-12T04:30:33,
test_result,1968,,,,,,,,100,,,93,failed,2026-01-09T21:26:31,
test_result,1969,,,,,,,,126,,,23,failed,2026-01-22T19:43:14,Difference it present east process.
test_result,1970,,,,,,,,78,,,97,passed,2026-02-03T09:53:21,
test_result,1971,,,,,,,,163,,,9,failed,2026-01-28T22:33:27,
test_result,1972,,,,,,,,111,,,8,passed,2026-01-21T00:08:37,
test_result,1973,,,,,,,,80,,,6,failed,2026-02-06T05:03:44,Remember character for whether money sound political later.
test_result,1974,,,,,,,,176,,,11,failed,2026-03-05T01:32:30,
test_result,1975,,,,,,,,59,,,46,blocked,2026-01-22T12:15:05,Beyond real center note but learn. He myself region church paper. Order probably business her.
test_result,1976,,,,,,,,61,,,28,not_run,2026-02-11T18:27:03,
test_result,1977,,,,,,,,193,,,62,failed,2026-01-31T22:41:23,Student rest face lead particular child.
test_result,1978,,,,,,,,62,,,40,not_run,2026-02-10T03:13:32,Trade blood themselves stay order decade.
test_result,1979,,,,,,,,49,,,15,not_run,2026-03-18T21:20:00,
test_result,1980,,,,,,,,55,,,38,not_run,2026-03-07T00:16:27,
test_result,1981,,,,,,,,173,,,44,failed,2026-01-05T21:48:51,
test_result,1982,,,,,,,,66,,,73,not_run,2026-01-09T04:05:37,Force plan life tax. Trial water act understand onto street.
test_result,1983,,,,,,,,43,,,7,failed,2026-02-23T17:59:53,Total still floor play culture. Area agency have firm.
test_result,1984,,,,,,,,181,,,24,not_run,2026-02-06T08:35:39,Base a they economy before. Participant inside teacher begin.
test_result,1985,,,,,,,,17,,,65,blocked,2026-03-29T04:48:17,Character cell know. Heavy lot attorney base.
test_result,1986,,,,,,,,103,,,16,failed,2026-03-15T07:33:00,
test_result,1987,,,,,,,,110,,,92,not_run,2026-02-05T07:44:36,
test_result,1988,,,,,,,,106,,,8,failed,2026-03-20T20:31:17,Bad worker ground my attention rate. Produce hotel catch fire morning about.
test_result,1989,,,,,,,,116,,,99,blocked,2026-02-12T07:14:51,
test_result,1990,,,,,,,,129,,,99,failed,2026-02-21T08:36:07,Stand total side significant big sense. Nothing campaign cup feel argue live card us.
test_result,1991,,,,,,,,123,,,31,passed,2026-03-04T22:56:09,
test_result,1992,,,,,,,,161,,,95,failed,2026-02-28T03:53:56,None significant yard alone hundred. Seek trip husband.
test_result,1993,,,,,,,,127,,,37,failed,2026-01-31T17:33:34,
test_result,1994,,,,,,,,89,,,100,not_run,2026-01-02T22:13:18,
test_result,1995,,,,,,,,53,,,66,failed,2026-03-10T03:25:01,
test_result,1996,,,,,,,,161,,,70,blocked,2026-03-29T06:03:50,Religious place wear blue change certain. With manager choice response action season.
test_result,1997,,,,,,,,101,,,17,not_run,2026-03-04T12:32:36,
test_result,1998,,,,,,,,195,,,10,blocked,2026-01-25T22:37:37,Interview pick never. Popular foot Mr senior these later.
test_result,1999,,,,,,,,172,,,47,passed,2026-01-02T15:59:58,Around significant light among itself. Other far no option knowledge think pretty power.
test_result,2000,,,,,,,,121,,,43,not_run,2026-02-01T02:01:05,Cover issue pretty behavior impact energy.
